Player Name,Team,Player Team Zone,Overall Rating,Position,Age,Years Pro,Annual Salary (in $)
Aaron Donald,Los Angeles Rams,NFC West,99,RE,29,6,22500000
Stephon Gilmore,New England Patriots,AFC East,99,CB,29,8,13000000
Christian McCaffrey,Carolina Panthers,NFC South,99,HB,24,3,16015853
Patrick Mahomes,Kansas Chiefs,AFC West,99,QB,24,3,45000000
Michael Thomas,New Orleans Saints,NFC South,99,WR,27,4,19250000
DeAndre Hopkins,St. Louis Cardinals,NFC West,98,WR,28,7,27250000
J.J. Watt,Houston Texans,AFC South,98,LE,31,9,14000000
Zack Martin,Dallas Cowboys,NFC East,98,RG,29,6,14000000
George Kittle,San Francisco 49ers,NFC West,98,TE,26,3,15000000
Bobby Wagner,Seattle Seahawks,NFC West,98,MLB,30,8,18000000
Russell Wilson,Seattle Seahawks,NFC West,97,QB,31,8,35000000
Travis Kelce,Kansas Chiefs,AFC West,97,TE,30,7,14312500
Khalil Mack,Chicago Bears,NFC North,97,LOLB,29,6,23500000
Von Miller,Denver Broncos,AFC West,97,LOLB,31,9,19083333
Julio Jones,Atlanta Falcons,NFC South,97,WR,31,9,22000000
Cameron Jordan,New Orleans Saints,NFC South,96,LE,31,9,17500000
Fletcher Cox,Philadelphia Eagles,NFC East,96,DT,29,8,17100000
Tyreek Hill,Kansas Chiefs,AFC West,96,WR,26,4,18000000
David Bakhtiari,Green Bay Packers,NFC North,96,LT,28,7,23000000
Harrison Smith,Minnesota Vikings,NFC North,95,SS,31,8,16000000
Chandler Jones,St. Louis Cardinals,NFC West,95,LOLB,30,8,16500000
Calais Campbell,Baltimore Ravens,AFC North,95,RE,34,12,8000000
Terron Armstead,New Orleans Saints,NFC South,95,LT,29,7,13000000
Jalen Ramsey,Los Angeles Rams,NFC West,94,CB,25,4,20000000
Davante Adams,Green Bay Packers,NFC North,94,WR,27,6,14500000
Lamar Jackson,Baltimore Ravens,AFC North,94,QB,23,2,2367913
Jason Kelce,Philadelphia Eagles,NFC East,94,C,32,9,9000000
Quenton Nelson,Indianapolis Colts,AFC South,94,LG,24,2,5972228
Amari Cooper,Dallas Cowboys,NFC East,93,WR,26,5,20000000
Brandon Brooks,Philadelphia Eagles,NFC East,93,RG,31,8,14050000
Tyrann Mathieu,Kansas Chiefs,AFC West,93,SS,28,7,14000000
Ronnie Stanley,Baltimore Ravens,AFC North,93,LT,26,4,19750000
Myles Garrett,Cleveland Browns,AFC North,93,RE,24,3,25000000
Derrick Henry,Tennessee Titans,AFC South,93,HB,26,4,12500000
Rodney Hudson,Las Vegas Raiders,AFC West,93,C,31,9,10000000
Jamal Adams,New York Jets,AFC East,92,SS,24,3,17500000
Stefon Diggs,Buffalo Bills,AFC East,92,WR,26,5,14400000
Richard Sherman,San Francisco 49ers,NFC West,92,CB,32,9,1350000
Mike Evans,Tampa Bay Buccaneers,NFC South,92,WR,27,6,16500000
Ezekiel Elliott,Dallas Cowboys,NFC East,92,HB,25,4,15000000
Chris Jones,Kansas Chiefs,AFC West,92,DT,26,4,165600
Devin McCourty,New England Patriots,AFC East,92,FS,33,10,11500000
Nick Chubb,Cleveland Browns,AFC North,92,HB,24,2,12200000
Trent Williams,San Francisco 49ers,NFC West,92,LT,32,10,23010000
Dalvin Cook,Minnesota Vikings,NFC North,91,HB,25,3,12600000
Saquon Barkley,New York Giants,NFC East,91,HB,23,2,7798688
Joey Bosa,Los Angeles Chargers,AFC West,91,LE,25,4,27000000
Keenan Allen,Los Angeles Chargers,AFC West,91,WR,28,7,20025000
Ryan Ramczyk,New Orleans Saints,NFC South,91,RT,26,3,19200000
Michael Pierce,Minnesota Vikings,NFC North,91,DT,27,4,9000000
Kevin Byard,Tennessee Titans,AFC South,91,FS,27,4,14100000
Tyron Smith,Dallas Cowboys,NFC East,91,LT,29,9,12200000
Richie Incognito,Las Vegas Raiders,AFC West,90,LG,37,15,2120000
Adam Thielen,Minnesota Vikings,NFC North,90,WR,30,7,16200000
Tom Brady,Tampa Bay Buccaneers,NFC South,90,QB,43,20,25000000
Aaron Jones,Green Bay Packers,NFC North,90,HB,25,3,12000000
Grady Jarrett,Atlanta Falcons,NFC South,90,DT,27,5,17000000
Cameron Heyward,Pittsburgh Steelers,AFC North,90,RE,31,9,16400000
Tre'Davious White,Buffalo Bills,AFC East,90,CB,25,3,17250000
Justin Simmons,Denver Broncos,AFC West,90,FS,26,4,15250000
Lavonte David,Tampa Bay Buccaneers,NFC South,90,MLB,30,8,12500000
Kenny Clark,Green Bay Packers,NFC North,90,DT,24,4,17500000
Jaire Alexander,Green Bay Packers,NFC North,90,CB,23,2,3012684
Marlon Humphrey,Baltimore Ravens,AFC North,89,CB,24,3,19500000
Aaron Rodgers,Green Bay Packers,NFC North,89,QB,36,15,33500000
Cooper Kupp,Los Angeles Rams,NFC West,89,WR,27,3,15750000
Demario Davis,New Orleans Saints,NFC South,89,ROLB,31,8,9000000
Nick Bosa,San Francisco 49ers,NFC West,89,RE,22,1,8387967
Joe Mixon,Cincinnati Bengals,AFC North,89,HB,24,3,12000000
Austin Hooper,Cleveland Browns,AFC North,89,TE,25,4,10500000
Alex Mack,Atlanta Falcons,NFC South,89,C,34,11,4950000
Eddie Jackson,Chicago Bears,NFC North,89,FS,26,3,14600000
Ali Marpet,Tampa Bay Buccaneers,NFC South,89,LG,27,5,10825000
Lane Johnson,Philadelphia Eagles,NFC East,89,RT,30,7,18000000
Danielle Hunter,Minnesota Vikings,NFC North,89,LE,25,5,14400000
Eric Kendricks,Minnesota Vikings,NFC North,89,MLB,28,5,10000000
Bryan Bulaga,Los Angeles Chargers,AFC West,88,RT,31,10,10000000
Evan Engram,New York Giants,NFC East,88,TE,25,3,2679637
Za'Darius Smith,Green Bay Packers,NFC North,88,LOLB,27,5,16500000
Patrick Peterson,St. Louis Cardinals,NFC West,88,CB,30,9,8000000
Akiem Hicks,Chicago Bears,NFC North,88,LE,30,8,12000000
Dont'a Hightower,New England Patriots,AFC East,88,MLB,30,8,8875000
Micah Hyde,Buffalo Bills,AFC East,88,FS,29,7,9625000
Josh Jacobs,Las Vegas Raiders,AFC West,88,HB,22,1,2983350
Tyler Lockett,Seattle Seahawks,NFC West,88,WR,27,5,17250000
Byron Jones,Miami Dolphins,AFC East,88,CB,27,5,16500000
A.J. Green,Cincinnati Bengals,AFC North,88,WR,32,9,742500
Alvin Kamara,New Orleans Saints,NFC South,88,HB,25,3,15000000
Fred Warner,San Francisco 49ers,NFC West,87,MLB,23,2,19045000
DeForest Buckner,Indianapolis Colts,AFC South,87,DT,26,4,21000000
Brandon Linder,Jacksonville Jaguars,AFC South,87,C,28,6,10340600
Kareem Hunt,Cleveland Browns,AFC North,87,HB,25,3,6000000
Vita Vea,Tampa Bay Buccaneers,NFC South,87,DT,25,2,17750000
La'el Collins,Dallas Cowboys,NFC East,87,RT,27,5,10000000
Brandon Scherff,Washington Commanders,NFC East,87,RG,28,5,18036000
Matt Ryan,Atlanta Falcons,NFC South,87,QB,35,12,30000000
Brandon Graham,Philadelphia Eagles,NFC East,87,LE,32,10,9250000
Stephon Tuitt,Pittsburgh Steelers,AFC North,87,LE,27,6,12000000
Kareem Jackson,Denver Broncos,AFC West,87,SS,32,9,5000000
Justin Tucker,Baltimore Ravens,AFC North,87,K,30,8,5000000
Minkah Fitzpatrick,Pittsburgh Steelers,AFC North,87,FS,23,2,4111942
Trent Brown,Las Vegas Raiders,AFC West,87,RT,27,5,9000000
Jared Cook,New Orleans Saints,NFC South,87,TE,33,11,4500000
Chris Carson,Seattle Seahawks,NFC West,86,HB,25,3,5212500
Joel Bitonio,Cleveland Browns,AFC North,86,LG,28,6,16000000
Robert Woods,Los Angeles Rams,NFC West,86,WR,28,7,16250000
Mark Andrews,Baltimore Ravens,AFC North,86,TE,24,2,14000000
T.J. Watt,Pittsburgh Steelers,AFC North,86,LOLB,25,3,28002750
Arik Armstead,San Francisco 49ers,NFC West,86,LE,26,5,17000000
Adrian Amos,Green Bay Packers,NFC North,86,SS,27,5,9000000
Kenny Golladay,Detroit Lions,NFC North,86,WR,26,3,18000000
Deshaun Watson,Houston Texans,AFC South,86,QB,24,3,39000000
Trey Flowers,Detroit Lions,NFC North,86,RE,27,5,18000000
Denzel Ward,Cleveland Browns,AFC North,86,CB,23,2,7291339
Brandon Williams,Baltimore Ravens,AFC North,86,DT,31,7,6000000
Kyle Juszczyk,San Francisco 49ers,NFC West,86,FB,29,7,5400000
Marshon Lattimore,New Orleans Saints,NFC South,86,CB,24,3,19400000
Budda Baker,St. Louis Cardinals,NFC West,86,FS,24,3,14750000
Kendall Fuller,Washington Commanders,NFC East,86,FS,25,4,10000000
Deion Jones,Atlanta Falcons,NFC South,86,MLB,25,4,14250000
Johnny Hekker,Los Angeles Rams,NFC West,86,P,30,8,2583333
Andrew Whitworth,Los Angeles Rams,NFC West,86,LT,38,14,8500000
Malcolm Jenkins,New Orleans Saints,NFC South,85,SS,32,11,8000000
Marcus Williams,New Orleans Saints,NFC South,85,FS,23,3,10612000
Jarvis Landry,Cleveland Browns,AFC North,85,WR,27,6,15100000
Ryan Kelly,Indianapolis Colts,AFC South,85,C,27,4,12412500
Gerald McCoy,Dallas Cowboys,NFC East,85,DT,32,10,1250000
Kyle Fuller,Chicago Bears,NFC North,85,CB,28,6,9500000
Marcus Peters,Baltimore Ravens,AFC North,85,CB,27,5,14000000
Jason McCourty,New England Patriots,AFC East,85,CB,33,11,1212500
Phillip Lindsay,Denver Broncos,AFC West,85,HB,26,2,3250000
D.J. Moore,Carolina Panthers,NFC South,85,WR,23,2,2792829
Dee Ford,San Francisco 49ers,NFC West,85,LE,29,6,7000000
Mike McGlinchey,San Francisco 49ers,NFC West,85,RT,25,2,4585469
Austin Ekeler,Los Angeles Chargers,AFC West,85,HB,25,3,6125000
Linval Joseph,Los Angeles Chargers,AFC West,85,DT,31,10,8500000
Justin Houston,Indianapolis Colts,AFC South,85,RE,31,9,2075000
Kevin Zeitler,New York Giants,NFC East,85,RG,30,8,7500000
Jordan Poyer,Buffalo Bills,AFC East,85,SS,29,7,9750000
Shaquil Barrett,Tampa Bay Buccaneers,NFC South,85,ROLB,27,6,17000000
Hunter Henry,Los Angeles Chargers,AFC West,85,TE,25,4,12500000
Darren Waller,Las Vegas Raiders,AFC West,85,TE,27,4,7575001
Marlon Mack,Indianapolis Colts,AFC South,85,HB,24,3,2000000
Darius Leonard,Indianapolis Colts,AFC South,85,LOLB,25,2,19700000
C.J. Mosley,New York Jets,AFC East,85,MLB,28,6,17000000
Joe Thuney,New England Patriots,AFC East,85,LG,27,4,16000000
Brandin Cooks,Houston Texans,AFC South,85,WR,26,6,16200000
Laremy Tunsil,Houston Texans,AFC South,85,LT,26,4,22000000
Eddie Goldman,Chicago Bears,NFC North,84,DT,26,5,10510000
Shaquill Griffin,Seattle Seahawks,NFC West,84,CB,25,3,13333333
Preston Smith,Green Bay Packers,NFC North,84,ROLB,27,5,10250000
Justin Reid,Houston Texans,AFC South,84,FS,23,2,1015856
Raheem Mostert,San Francisco 49ers,NFC West,84,HB,28,5,2900000
Brett Kern,Tennessee Titans,AFC South,84,P,34,12,3183333
Carson Wentz,Philadelphia Eagles,NFC East,84,QB,27,4,32000000
David Andrews,New England Patriots,AFC East,84,C,28,5,4750000
Justin Coleman,Detroit Lions,NFC North,84,CB,27,5,2250000
Dak Prescott,Dallas Cowboys,NFC East,84,QB,27,4,40000000
Courtland Sutton,Denver Broncos,AFC West,84,WR,24,2,15000000
DeVante Parker,Miami Dolphins,AFC East,84,WR,27,5,10166667
Sam Koch,Baltimore Ravens,AFC North,84,P,38,14,2475000
Taylor Lewan,Tennessee Titans,AFC South,84,LT,29,6,16000000
A.J. Bouye,Denver Broncos,AFC West,84,CB,29,7,3500000
D.J. Reader,Cincinnati Bengals,AFC North,84,DT,26,4,13250000
Robby Anderson,Carolina Panthers,NFC South,84,WR,27,4,14750000
Tyler Boyd,Cincinnati Bengals,AFC North,83,WR,25,4,10750000
Tevin Coleman,San Francisco 49ers,NFC West,83,HB,27,5,1100000
Leonard Fournette,Jacksonville Jaguars,AFC South,83,HB,25,3,3250000
Andrew Norwell,Jacksonville Jaguars,AFC South,83,LG,28,6,9000000
Tress Way,Washington Commanders,NFC East,83,P,30,7,3312500
Thomas Morstead,New Orleans Saints,NFC South,83,P,34,11,1075000
Roquan Smith,Chicago Bears,NFC North,83,MLB,23,2,4619292
Jimmy Smith,Baltimore Ravens,AFC North,83,CB,32,9,2500000
Jimmy Garoppolo,San Francisco 49ers,NFC West,83,QB,28,6,27500000
Jimmie Ward,San Francisco 49ers,NFC West,83,FS,29,6,9500000
DeSean Jackson,Philadelphia Eagles,NFC East,83,WR,33,12,2000000
Calvin Ridley,Atlanta Falcons,NFC South,83,WR,25,2,2725183
Joe Haden,Pittsburgh Steelers,AFC North,83,CB,31,10,11000000
Jonathan Jones,New England Patriots,AFC East,83,CB,26,4,7000000
Leighton Vander Esch,Dallas Cowboys,NFC East,83,LOLB,24,2,2961946
Jamie Collins,Detroit Lions,NFC North,83,LOLB,30,7,1075000
Adoree' Jackson,Tennessee Titans,AFC South,83,CB,24,3,13000000
Frank Clark,Kansas Chiefs,AFC West,83,RE,27,5,20800000
Yannick Ngakoue,Jacksonville Jaguars,AFC South,83,RE,25,4,13000000
Frank Ragnow,Detroit Lions,NFC North,83,C,24,2,13500000
Michael Brockers,Los Angeles Rams,NFC West,83,LE,29,8,8000000
Da'Ron Payne,Washington Commanders,NFC East,83,DT,23,2,3604590
Cole Beasley,Buffalo Bills,AFC East,83,WR,31,8,7250000
Desmond Trufant,Detroit Lions,NFC North,83,CB,29,7,1075000
Carlos Dunlap,Cincinnati Bengals,AFC North,82,LE,31,10,6800000
John Brown,Buffalo Bills,AFC East,82,WR,30,6,252000
Mitch Morse,Buffalo Bills,AFC East,82,C,28,5,7062500
Xavien Howard,Miami Dolphins,AFC East,82,CB,27,4,15050000
Malik Hooker,Indianapolis Colts,AFC South,82,FS,24,3,920000
Alejandro Villanueva,Pittsburgh Steelers,AFC North,82,LT,31,6,7000000
Kwon Alexander,San Francisco 49ers,NFC West,82,LOLB,26,5,1127500
Kirk Cousins,Minnesota Vikings,NFC North,82,QB,32,8,33000000
Kerryon Johnson,Detroit Lions,NFC North,82,HB,23,2,252000
Braden Smith,Indianapolis Colts,AFC South,82,RT,24,2,17500000
Jason Peters,Philadelphia Eagles,NFC East,82,RG,38,16,1750000
Joe Schobert,Jacksonville Jaguars,AFC South,82,MLB,26,4,10750000
Donte Jackson,Carolina Panthers,NFC South,82,CB,24,2,1203132
Devin Singletary,Buffalo Bills,AFC East,82,HB,22,1,974500
James White,New England Patriots,AFC East,82,HB,28,6,2462500
Harrison Butker,Kansas Chiefs,AFC West,82,K,25,3,4055000
Tyler Higbee,Los Angeles Rams,NFC West,82,TE,27,4,7250000
Chris Boswell,Pittsburgh Steelers,AFC North,82,K,29,6,4201500
Robbie Gould,San Francisco 49ers,NFC West,82,K,37,15,3625000
Lamarcus Joyner,Las Vegas Raiders,AFC West,82,CB,29,6,3000000
Chidobe Awuzie,Dallas Cowboys,NFC East,82,CB,25,3,7250000
Kenyan Drake,St. Louis Cardinals,NFC West,82,HB,26,4,5500000
Ryan Jensen,Tampa Bay Buccaneers,NFC South,82,C,29,7,10500000
Javon Hargrave,Philadelphia Eagles,NFC East,82,DT,27,4,13000000
Sterling Shepard,New York Giants,NFC East,82,WR,27,4,10250000
Jonathan Allen,Washington Commanders,NFC East,82,DT,25,3,18000000
Sheldon Rankins,New Orleans Saints,NFC South,82,DT,26,4,5500000
Benardrick McKinney,Houston Texans,AFC South,82,MLB,27,5,990000
Robert Quinn,Chicago Bears,NFC North,82,ROLB,30,9,14000000
Jerry Hughes,Buffalo Bills,AFC East,82,RE,32,10,10750000
Terry McLaurin,Washington Commanders,NFC East,82,WR,23,1,961918
Mike Hilton,Pittsburgh Steelers,AFC North,81,CB,26,4,6000000
A.J. Brown,Tennessee Titans,AFC South,81,WR,23,1,1413092
Jaquiski Tartt,San Francisco 49ers,NFC West,81,SS,28,5,1127500
James Conner,Pittsburgh Steelers,AFC North,81,HB,25,3,1750000
Mike Williams,Los Angeles Chargers,AFC West,81,WR,25,3,4937514
Jaylon Smith,Dallas Cowboys,NFC East,81,MLB,25,4,990000
Dallas Goedert,Philadelphia Eagles,NFC East,81,TE,25,2,14250000
Patrick Ricard,Baltimore Ravens,AFC North,81,FB,26,3,3650000
Cody Whitehair,Chicago Bears,NFC North,81,C,28,4,10250000
Ed Oliver,Buffalo Bills,AFC East,81,DT,22,1,4918789
Bradley Chubb,Denver Broncos,AFC West,81,ROLB,24,2,6817810
Marcus Maye,New York Jets,AFC East,81,FS,27,3,10612000
Ricardo Allen,Atlanta Falcons,NFC South,81,SS,28,6,1490000
Myles Jack,Jacksonville Jaguars,AFC South,81,ROLB,24,4,14250000
Matt Prater,Detroit Lions,NFC North,81,K,36,13,3250000
Danny Shelton,Detroit Lions,NFC North,81,DT,27,5,1127500
Whitney Mercilus,Houston Texans,AFC South,81,ROLB,30,8,1075000
Kenny Stills,Houston Texans,AFC South,81,WR,28,7,1075000
William Jackson III,Cincinnati Bengals,AFC North,81,CB,27,4,13500000
Sammy Watkins,Kansas Chiefs,AFC West,81,WR,27,6,5000000
Landon Collins,Washington Commanders,NFC East,81,SS,26,5,14000000
Michael Gallup,Dallas Cowboys,NFC East,81,WR,24,2,880995
Josh Allen,Jacksonville Jaguars,AFC South,81,LE,23,1,5685659
Lawrence Guy,New England Patriots,AFC East,81,RE,30,9,2875000
K.J. Wright,Seattle Seahawks,NFC West,81,ROLB,31,9,3255000
Danny Trevathan,Chicago Bears,NFC North,80,MLB,30,8,7250000
Jabrill Peppers,New York Giants,NFC East,80,SS,24,3,2585559
Bryce Callahan,Denver Broncos,AFC West,80,CB,28,5,6000000
Latavius Murray,New Orleans Saints,NFC South,80,HB,29,7,1075000
Trai Turner,Los Angeles Chargers,AFC West,80,RG,27,6,3000000
Leonard Williams,New York Giants,NFC East,80,RE,26,5,21000000
Elgton Jenkins,Green Bay Packers,NFC North,80,LG,24,1,1695655
JK Scott,Green Bay Packers,NFC North,80,P,23,2,920000
Anthony Barr,Minnesota Vikings,NFC North,80,LOLB,28,6,10000000
Carl Lawson,Cincinnati Bengals,AFC North,80,RE,25,3,15000000
Tremaine Edmunds,Buffalo Bills,AFC East,80,MLB,22,2,3164886
Ryan Tannehill,Tennessee Titans,AFC South,80,QB,32,8,29500000
Jason Pierre-Paul,Tampa Bay Buccaneers,NFC South,80,LOLB,31,10,12500000
Sony Michel,New England Patriots,AFC East,80,HB,25,2,2406674
Dalvin Tomlinson,New York Giants,NFC East,80,DT,26,3,10500000
Curtis Samuel,Carolina Panthers,NFC South,80,WR,24,3,11500000
John Simon,New England Patriots,AFC East,80,LE,29,7,1120000
Chase Young,Washington Commanders,NFC East,80,RE,21,0,8640900
Pierre Desir,New York Jets,AFC East,80,CB,29,6,1075000
Greg Zuerlein,Dallas Cowboys,NFC East,80,K,32,8,2500000
Jamison Crowder,New York Jets,AFC East,80,WR,27,5,5500000
Jarran Reed,Seattle Seahawks,NFC West,80,DT,26,4,5500000
Bradley Roby,Houston Texans,AFC South,80,CB,28,6,10500000
Duron Harmon,Detroit Lions,NFC North,80,FS,29,7,1212500
O.J. Howard,Tampa Bay Buccaneers,NFC South,80,TE,25,3,2773714
Taylor Moton,Carolina Panthers,NFC South,80,RT,26,3,17000000
Marquise Brown,Baltimore Ravens,AFC North,80,WR,23,1,2946835
Ben Jones,Tennessee Titans,AFC South,80,C,31,8,6750000
Deebo Samuel,San Francisco 49ers,NFC West,80,WR,24,1,1924339
Miles Sanders,Philadelphia Eagles,NFC East,80,HB,23,1,1340058
Carlos Hyde,Seattle Seahawks,NFC West,80,HB,29,6,2250000
Danny Amendola,Detroit Lions,NFC North,80,WR,34,12,1800000
Samson Ebukam,Los Angeles Rams,NFC West,80,ROLB,25,3,6000000
Michael Dickson,Seattle Seahawks,NFC West,80,P,24,2,3674765
Bud Dupree,Pittsburgh Steelers,AFC North,80,ROLB,27,5,16500000
Jessie Bates III,Cincinnati Bengals,AFC North,79,FS,23,2,12911000
Matt Breida,Miami Dolphins,AFC East,79,HB,25,3,1055000
Takkarist McKinley,Atlanta Falcons,NFC South,79,RE,24,3,4250000
Aldrick Rosas,New York Giants,NFC East,79,K,25,4,1035000
Rob Havenstein,Los Angeles Rams,NFC West,79,RT,28,5,8125000
D.K. Metcalf,Seattle Seahawks,NFC West,79,WR,22,1,1146513
Corey Davis,Tennessee Titans,AFC South,79,WR,25,3,12500000
DaQuan Jones,Tennessee Titans,AFC South,79,DT,28,6,4050000
Brian Poole,New York Jets,AFC East,79,CB,27,4,252000
Vonn Bell,Cincinnati Bengals,AFC North,79,SS,25,4,6000000
Ronald Jones II,Tampa Bay Buccaneers,NFC South,79,HB,23,2,1767982
Brian Burns,Carolina Panthers,NFC South,79,RE,22,1,3385046
Isaiah Wynn,New England Patriots,AFC East,79,LT,24,2,2860478
Rashaan Evans,Tennessee Titans,AFC South,79,MLB,24,2,2894298
Mike Gesicki,Miami Dolphins,AFC East,79,TE,24,2,10931000
Matt Milano,Buffalo Bills,AFC East,79,LOLB,26,3,10375000
Jamie Gillan,Cleveland Browns,AFC North,79,P,23,1,1065000
J.C. Tretter,Cleveland Browns,AFC North,79,C,29,7,10850000
Steve McLendon,New York Jets,AFC East,79,DT,34,11,1212500
Derek Wolfe,Baltimore Ravens,AFC North,79,LE,30,8,4000000
Derek Carr,Las Vegas Raiders,AFC West,79,QB,29,6,25005000
Ronald Darby,Washington Commanders,NFC East,79,CB,26,5,10000000
Jordan Howard,Miami Dolphins,AFC East,79,HB,25,4,990000
Dede Westbrook,Jacksonville Jaguars,AFC South,79,WR,26,3,1127500
Graham Gano,Carolina Panthers,NFC South,79,K,33,11,4666667
Maurice Hurst,Las Vegas Raiders,AFC West,79,DT,25,2,1045000
Gabe Jackson,Las Vegas Raiders,AFC West,79,RG,29,6,7525000
Alexander Johnson,Denver Broncos,AFC West,78,MLB,28,2,3384000
Baker Mayfield,Cleveland Browns,AFC North,78,QB,25,2,8170745
Devin White,Tampa Bay Buccaneers,NFC South,78,MLB,22,1,7328954
Christian Kirk,St. Louis Cardinals,NFC West,78,WR,23,2,1473719
Da'Shawn Hand,Detroit Lions,NFC North,78,LE,24,2,252000
Cory Littleton,Las Vegas Raiders,AFC West,78,MLB,26,4,11750000
James Washington,Pittsburgh Steelers,AFC North,78,WR,24,2,1125337
David Njoku,Cleveland Browns,AFC North,78,TE,24,3,10931000
Derrick Nnadi,Kansas Chiefs,AFC West,78,DT,24,2,930600
David Montgomery,Chicago Bears,NFC North,78,HB,23,1,1003845
Jamaal Williams,Green Bay Packers,NFC North,78,HB,25,3,3000000
Corey Linsley,Green Bay Packers,NFC North,78,C,29,6,12500000
David Onyemata,New Orleans Saints,NFC South,78,DT,27,4,9000000
Randall Cobb,Houston Texans,AFC South,78,WR,30,9,9000000
Cam Newton,New England Patriots,AFC East,78,QB,31,9,8250000
Janoris Jenkins,New Orleans Saints,NFC South,78,CB,31,8,7500000
Trae Waynes,Cincinnati Bengals,AFC North,78,CB,28,5,14000000
Juan Thornhill,Kansas Chiefs,AFC West,78,FS,24,1,1153817
Adrian Phillips,New England Patriots,AFC East,78,FS,28,6,4250000
Jerick McKinnon,San Francisco 49ers,NFC West,78,HB,28,6,990000
Derrick Brown,Carolina Panthers,NFC South,78,DT,22,0,5905351
Nick Boyle,Baltimore Ravens,AFC North,78,TE,27,5,6500000
Pernell McPhee,Baltimore Ravens,AFC North,78,ROLB,31,9,1075000
Erik McCoy,New Orleans Saints,NFC South,78,C,23,1,1522646
Will Dissly,Seattle Seahawks,NFC West,78,TE,24,2,777567
James Daniels,Chicago Bears,NFC North,78,LG,22,2,1737539
Jack Conklin,Cleveland Browns,AFC North,78,RT,26,4,8000000
Isaiah Simmons,St. Louis Cardinals,NFC West,78,SS,22,0,5166014
Avonte Maddox,Philadelphia Eagles,NFC East,78,CB,24,2,7500000
Will Hernandez,New York Giants,NFC East,78,LG,24,2,1862685
Wil Lutz,New Orleans Saints,NFC South,78,K,26,4,4050000
Andrus Peat,New Orleans Saints,NFC South,78,LG,26,5,11500000
Levi Wallace,Buffalo Bills,AFC East,78,CB,25,2,1750000
Damontae Kazee,Atlanta Falcons,NFC South,78,FS,27,3,1127500
Adrian Peterson,Washington Commanders,NFC East,78,HB,35,13,252000
Rashaad Penny,Seattle Seahawks,NFC West,78,HB,24,2,2691359
Marquise Goodwin,Philadelphia Eagles,NFC East,78,WR,29,7,1212500
Jake Matthews,Atlanta Falcons,NFC South,78,LT,28,6,14500000
Darius Slayton,New York Giants,NFC East,78,WR,23,1,688719
Quinnen Williams,New York Jets,AFC East,78,RE,22,1,8132343
Austin Blythe,Los Angeles Rams,NFC West,78,RG,28,4,990000
Dante Pettis,San Francisco 49ers,NFC West,77,WR,24,2,920000
Quinton Spain,Buffalo Bills,AFC East,77,LG,29,5,1127500
Jourdan Lewis,Dallas Cowboys,NFC East,77,CB,25,3,4500000
Taron Johnson,Buffalo Bills,AFC East,77,CB,24,2,8000000
Tarik Cohen,Chicago Bears,NFC North,77,HB,25,3,5750000
Gus Edwards,Baltimore Ravens,AFC North,77,HB,25,2,4128000
David Johnson,Houston Texans,AFC South,77,HB,28,5,5000000
Ja'Whaun Bentley,New England Patriots,AFC East,77,MLB,24,2,690988
Nelson Agholor,Las Vegas Raiders,AFC West,77,WR,27,5,11000000
Adam Humphries,Tennessee Titans,AFC South,77,WR,27,5,1190000
Dalton Risner,Denver Broncos,AFC West,77,LG,25,1,1785571
Karl Joseph,Cleveland Browns,AFC North,77,SS,26,4,293000
Tre Flowers,Seattle Seahawks,NFC West,77,CB,25,2,689681
Sean Murphy-Bunting,Tampa Bay Buccaneers,NFC South,77,CB,23,1,1844000
Chuck Clark,Baltimore Ravens,AFC North,77,SS,25,3,5100000
Tracy Walker,Detroit Lions,NFC North,77,SS,25,2,877997
Al Woods,Jacksonville Jaguars,AFC South,77,DT,33,10,2500000
Leonard Floyd,Los Angeles Rams,NFC West,77,LOLB,27,4,16000000
Mackensie Alexander,Cincinnati Bengals,AFC North,77,CB,26,4,1127500
Demarcus Robinson,Kansas Chiefs,AFC West,77,WR,25,4,1127500
Tyeler Davison,Atlanta Falcons,NFC South,77,DT,27,5,2625000
T.J. Hockenson,Detroit Lions,NFC North,77,TE,23,1,4955307
Michael Palardy,Carolina Panthers,NFC South,77,P,28,5,1400000
Maxx Crosby,Las Vegas Raiders,AFC West,77,LE,23,1,825566
Kyler Murray,St. Louis Cardinals,NFC West,77,QB,23,1,8789661
Xavier Woods,Dallas Cowboys,NFC East,77,FS,25,3,1750000
Mason Crosby,Green Bay Packers,NFC North,77,K,35,13,4300000
Marcus Davenport,New Orleans Saints,NFC South,77,RE,23,2,3435475
Garrett Bradbury,Minnesota Vikings,NFC North,77,C,25,1,3220718
Dion Dawkins,Buffalo Bills,AFC East,77,LT,26,3,14575000
Ja'Wuan James,Denver Broncos,AFC West,77,RT,28,6,2245000
Larry Ogunjobi,Cleveland Browns,AFC North,77,DT,26,3,6200000
Cameron Brate,Tampa Bay Buccaneers,NFC South,77,TE,29,6,6016667
Buster Skrine,Chicago Bears,NFC North,77,CB,31,9,1075000
Uchenna Nwosu,Los Angeles Chargers,AFC West,77,LOLB,23,2,1439895
Giovani Bernard,Cincinnati Bengals,AFC North,77,HB,28,7,1212500
Markus Golden,New York Giants,NFC East,77,LOLB,29,5,2500000
Kendrick Bourne,San Francisco 49ers,NFC West,76,WR,25,3,5000000
Bobby Massie,Chicago Bears,NFC North,76,RT,31,8,2500000
C.J. Henderson,Jacksonville Jaguars,AFC South,76,CB,21,0,5129047
Charvarius Ward,Kansas Chiefs,AFC West,76,CB,24,2,3384000
Chase Edmonds,St. Louis Cardinals,NFC West,76,HB,24,2,728089
Johnathan Hankins,Las Vegas Raiders,AFC West,76,DT,28,7,3500000
Carl Nassib,Las Vegas Raiders,AFC West,76,LE,27,4,8333333
Diontae Johnson,Pittsburgh Steelers,AFC North,76,WR,24,1,1070241
Joe Burrow,Cincinnati Bengals,AFC North,76,QB,23,0,9047534
Jamel Dean,Tampa Bay Buccaneers,NFC South,76,CB,25,1,889713
Anthony Brown,Dallas Cowboys,NFC East,76,CB,26,4,5166667
Ito Smith,Atlanta Falcons,NFC South,76,HB,24,2,1022500
Raekwon McMillan,Miami Dolphins,AFC East,76,MLB,24,3,1092500
Hayden Hurst,Atlanta Falcons,NFC South,76,TE,27,2,2759008
Marcedes Lewis,Green Bay Packers,NFC North,76,TE,36,14,4000000
Adam Butler,New England Patriots,AFC East,76,DT,26,3,3750000
Devin Bush,Pittsburgh Steelers,AFC North,76,MLB,22,1,4717942
Auden Tate,Cincinnati Bengals,AFC North,76,WR,23,2,615000
Jameis Winston,New Orleans Saints,NFC South,76,QB,26,5,5500000
Nick Kwiatkoski,Las Vegas Raiders,AFC West,76,ROLB,27,4,7000000
Dre Greenlaw,San Francisco 49ers,NFC West,76,ROLB,23,1,710428
Javon Kinlaw,San Francisco 49ers,NFC West,76,DT,22,0,3872175
Mitch Wishnowsky,San Francisco 49ers,NFC West,76,P,28,1,821018
Josh Bynes,Cincinnati Bengals,AFC North,76,LOLB,31,9,1075000
Graham Glasgow,Denver Broncos,AFC West,76,RG,28,4,7100000
Brandon McManus,Denver Broncos,AFC West,76,K,29,7,4300000
Andrew Billings,Cleveland Browns,AFC North,76,DT,25,4,1187500
Devon Kennard,St. Louis Cardinals,NFC West,76,ROLB,29,6,6666667
Shawn Williams,Cincinnati Bengals,AFC North,76,SS,29,7,1075000
Andrew Sendejo,Cleveland Browns,AFC North,76,SS,32,10,1075000
D.J. Hayden,Jacksonville Jaguars,AFC South,76,CB,30,7,1140000
Tavon Young,Baltimore Ravens,AFC North,76,CB,26,4,4665000
Bradley McDougald,Seattle Seahawks,NFC West,76,SS,29,7,252000
Alex Okafor,Kansas Chiefs,AFC West,76,LE,29,7,1075000
Denico Autry,Indianapolis Colts,AFC South,76,DT,30,6,7666667
Davon Godchaux,Miami Dolphins,AFC East,76,DT,25,3,7500000
Marcus Cannon,New England Patriots,AFC East,76,RT,32,9,6500000
Anthony Miller,Chicago Bears,NFC North,76,WR,25,2,1035000
Jordan Hicks,St. Louis Cardinals,NFC West,76,MLB,28,5,4500000
Jared Goff,Los Angeles Rams,NFC West,76,QB,25,4,33500000
Andy Lee,St. Louis Cardinals,NFC West,76,P,38,16,1500000
Justin Pugh,St. Louis Cardinals,NFC West,76,LG,30,7,7512500
Josh Norman,Buffalo Bills,AFC East,76,CB,32,8,1500000
K'Waun Williams,San Francisco 49ers,NFC West,76,CB,29,5,2377500
Jeff Okudah,Detroit Lions,NFC North,76,CB,21,0,8382132
Will Parks,Philadelphia Eagles,NFC East,76,SS,26,4,990000
Mecole Hardman,Kansas Chiefs,AFC West,76,WR,22,1,1248763
J.D. McKissic,Washington Commanders,NFC East,76,HB,27,4,1635000
Albert Wilson,Miami Dolphins,AFC East,76,WR,28,6,3000000
Chris Conley,Jacksonville Jaguars,AFC South,76,WR,27,5,1500000
Henry Anderson,New York Jets,AFC East,76,LE,29,5,3500000
Shaq Thompson,Carolina Panthers,NFC South,76,MLB,26,5,13540000
Montez Sweat,Washington Commanders,NFC East,76,RE,23,1,2910315
Emmanuel Moseley,San Francisco 49ers,NFC West,75,CB,24,2,4692000
Taylor Rapp,Los Angeles Rams,NFC West,75,FS,22,1,1168424
Antwaun Woods,Dallas Cowboys,NFC East,75,DT,27,4,920000
David Moore,Seattle Seahawks,NFC West,75,WR,25,3,705000
Jordan Berry,Pittsburgh Steelers,AFC North,75,P,29,5,990000
Daryl Worley,Dallas Cowboys,NFC East,75,CB,25,4,252000
Rock Ya-Sin,Indianapolis Colts,AFC South,75,CB,24,1,1979114
Eli Apple,Carolina Panthers,NFC South,75,CB,25,4,1200000
Bobby McCain,Miami Dolphins,AFC East,75,FS,27,5,1475000
Kemoko Turay,Indianapolis Colts,AFC South,75,LE,25,2,1304601
Tony Pollard,Dallas Cowboys,NFC East,75,HB,23,1,797582
Mike Davis,Carolina Panthers,NFC South,75,HB,27,5,2750000
Rex Burkhead,New England Patriots,AFC East,75,HB,30,7,2500000
Malcolm Brown,Los Angeles Rams,NFC West,75,HB,27,5,1750000
J.K. Dobbins,Baltimore Ravens,AFC North,75,HB,21,0,1432360
Keelan Cole,Jacksonville Jaguars,AFC South,75,WR,27,3,5500000
Tyus Bowser,Baltimore Ravens,AFC North,75,LOLB,25,3,5500000
Morgan Moses,Washington Commanders,NFC East,75,RT,29,6,3600000
Poona Ford,Seattle Seahawks,NFC West,75,DT,24,2,6172500
Solomon Thomas,San Francisco 49ers,NFC West,75,RE,25,3,3250000
Jerry Jeudy,Denver Broncos,AFC West,75,WR,21,0,3798240
Sam Martin,Denver Broncos,AFC West,75,P,30,7,2350000
Corey Peters,St. Louis Cardinals,NFC West,75,DT,32,10,1212500
Maxx Williams,St. Louis Cardinals,NFC West,75,TE,26,5,2333333
Teddy Bridgewater,Carolina Panthers,NFC South,75,QB,27,6,11500000
Greedy Williams,Cleveland Browns,AFC North,75,CB,22,1,1614669
Randy Gregory,Dallas Cowboys,NFC East,75,RE,27,5,1000000
Royce Freeman,Denver Broncos,AFC West,75,HB,24,2,985005
Breshad Perriman,New York Jets,AFC East,75,WR,26,5,990000
Chase Winovich,New England Patriots,AFC East,75,RE,25,1,956828
Josh Reynolds,Los Angeles Rams,NFC West,75,WR,25,3,1750000
Chase Roullier,Washington Commanders,NFC East,75,C,27,3,10125000
Sam Hubbard,Cincinnati Bengals,AFC North,75,RE,25,2,10000000
Mack Wilson,Cleveland Browns,AFC North,75,ROLB,22,1,707201
Darryl Roberts,Detroit Lions,NFC North,75,CB,29,5,1595000
Nyheim Hines,Indianapolis Colts,AFC South,75,HB,23,2,6200000
B.J. Hill,New York Giants,NFC East,75,RE,24,2,1011970
Maliek Collins,Las Vegas Raiders,AFC West,75,DT,25,4,5000000
Zay Jones,Las Vegas Raiders,AFC West,75,WR,25,3,2500000
Jason Myers,Seattle Seahawks,NFC West,75,K,29,5,3862500
Zach Cunningham,Houston Texans,AFC South,75,MLB,25,3,14500000
Brian O'Neill,Minnesota Vikings,NFC North,75,RT,24,2,18500000
Tajae Sharpe,Minnesota Vikings,NFC North,75,WR,25,4,990000
Cordarrelle Patterson,Chicago Bears,NFC North,75,WR,29,7,3000000
Shelby Harris,Denver Broncos,AFC West,75,LE,29,6,9000000
Cre'Von LeBlanc,Philadelphia Eagles,NFC East,75,CB,26,4,1075000
Trayvon Mullen,Las Vegas Raiders,AFC West,75,CB,22,1,1814787
CeeDee Lamb,Dallas Cowboys,NFC East,75,WR,21,0,3502504
Emmanuel Ogbah,Miami Dolphins,AFC East,75,LE,26,4,7500000
Dean Lowry,Green Bay Packers,NFC North,75,LE,26,4,6775000
Jonnu Smith,Tennessee Titans,AFC South,75,TE,25,3,12500000
Bilal Nichols,Chicago Bears,NFC North,74,RE,23,2,689870
Noah Fant,Denver Broncos,AFC West,74,TE,22,1,3147681
Xavier Rhodes,Indianapolis Colts,AFC South,74,CB,30,7,4770000
Fabian Moreau,Washington Commanders,NFC East,74,CB,26,3,1127500
Erik Harris,Las Vegas Raiders,AFC West,74,FS,30,5,1350000
Clyde Edwards-Helaire,Kansas Chiefs,AFC West,74,HB,21,0,2705394
D'Andre Swift,Detroit Lions,NFC North,74,HB,21,0,2134730
Peyton Barber,Washington Commanders,NFC East,74,HB,26,4,990000
Connor McGovern,New York Jets,AFC East,74,C,27,4,9000000
Yetur Gross-Matos,Carolina Panthers,NFC South,74,RE,22,0,2049707
Jacob Hollister,Seattle Seahawks,NFC West,74,TE,26,3,990000
Harrison Phillips,Buffalo Bills,AFC East,74,DT,24,2,808760
Terrell Edmunds,Pittsburgh Steelers,AFC North,74,SS,23,2,2674448
P.J. Williams,New Orleans Saints,NFC South,74,CB,27,5,2300000
Zach Pascal,Indianapolis Colts,AFC South,74,WR,25,3,3384000
Rashaan Melvin,Jacksonville Jaguars,AFC South,74,CB,30,7,1075000
Jake Elliott,Philadelphia Eagles,NFC East,74,K,25,3,4030000
Kyler Fackrell,New York Giants,NFC East,74,ROLB,28,4,1500000
Patrick Onwuasor,New York Jets,AFC East,74,MLB,28,4,990000
Taylor Decker,Detroit Lions,NFC North,74,LT,26,4,14912500
Alec Ingold,Las Vegas Raiders,AFC West,74,FB,24,1,588333
A'Shawn Robinson,Los Angeles Rams,NFC West,74,DT,25,4,6000000
Darren Fells,Houston Texans,AFC South,74,TE,34,7,252000
Trent Taylor,San Francisco 49ers,NFC West,74,WR,26,3,326222
Jon Feliciano,Buffalo Bills,AFC East,74,RG,28,5,4800000
Rashard Higgins,Cleveland Browns,AFC North,74,WR,25,4,2377500
Bradley Pinion,Tampa Bay Buccaneers,NFC South,74,P,26,5,2750000
Ryan Fitzpatrick,Miami Dolphins,AFC East,74,QB,37,15,10000000
Ronnie Harrison,Jacksonville Jaguars,AFC South,74,SS,23,2,847008
Jason Verrett,San Francisco 49ers,NFC West,74,CB,29,6,5500000
Troy Hill,Los Angeles Rams,NFC West,74,CB,29,5,4500000
Jerome Baker,Miami Dolphins,AFC East,74,MLB,23,2,12500000
Matt Haack,Miami Dolphins,AFC East,74,P,26,3,1825000
Corey Clement,Philadelphia Eagles,NFC East,74,HB,25,3,990000
Alexander Mattison,Minnesota Vikings,NFC North,74,HB,22,1,867795
K'Lavon Chaisson,Jacksonville Jaguars,AFC South,74,RE,21,0,3336153
Jordan Jenkins,New York Jets,AFC East,74,ROLB,26,4,3000000
Marquez Valdes-Scantling,Green Bay Packers,NFC North,74,WR,25,2,669389
Hunter Renfrow,Las Vegas Raiders,AFC West,74,WR,24,1,708987
Trey Hendrickson,New Orleans Saints,NFC South,74,RE,25,3,15000000
Margus Hunt,New Orleans Saints,NFC South,74,DT,33,7,1075000
Bruce Irvin,Seattle Seahawks,NFC West,74,LOLB,32,8,1075000
Benson Mayowa,Seattle Seahawks,NFC West,74,LE,29,7,3810000
William Gholston,Tampa Bay Buccaneers,NFC South,74,LE,29,7,5500000
Jeff Heath,Las Vegas Raiders,AFC West,74,SS,29,7,1075000
Rigoberto Sanchez,Indianapolis Colts,AFC South,74,P,25,3,2900000
Tre Herndon,Jacksonville Jaguars,AFC South,74,CB,24,2,2000000
Xavier McKinney,New York Giants,NFC East,74,FS,22,0,2097762
Khari Willis,Indianapolis Colts,AFC South,74,SS,24,1,822009
Christian Wilkins,Miami Dolphins,AFC East,74,RE,24,1,3859774
Justin Jackson,Los Angeles Chargers,AFC West,74,HB,24,2,615000
Taven Bryan,Jacksonville Jaguars,AFC South,74,DT,24,2,2538739
Damiere Byrd,New England Patriots,AFC East,74,WR,27,5,1127500
N'Keal Harry,New England Patriots,AFC East,74,WR,22,1,2524587
Travis Benjamin,San Francisco 49ers,NFC West,74,WR,30,8,1075000
Zane Gonzalez,St. Louis Cardinals,NFC West,74,K,25,3,990000
Mike Hughes,Minnesota Vikings,NFC North,74,CB,23,2,2466871
Eric Rowe,Miami Dolphins,AFC East,74,SS,27,5,4916667
Justin Jefferson,Minnesota Vikings,NFC North,74,WR,21,0,3280702
Nick Vigil,Los Angeles Chargers,AFC West,73,ROLB,27,4,1750000
Mark Glowinski,Indianapolis Colts,AFC South,73,RG,28,5,5400000
Kendall Sheffield,Atlanta Falcons,NFC South,73,CB,24,1,819922
J.J. Arcega-Whiteside,Philadelphia Eagles,NFC East,73,WR,23,1,1237806
Jalen Reagor,Philadelphia Eagles,NFC East,73,WR,21,0,3317670
Lorenzo Carter,New York Giants,NFC East,73,ROLB,24,2,1020871
Noah Spence,New Orleans Saints,NFC South,73,RE,26,4,1035000
Brennan Scarlett,Houston Texans,AFC South,73,LOLB,27,4,1127500
Lee Smith,Buffalo Bills,AFC East,73,TE,32,9,1800000
Sam Darnold,New York Jets,AFC East,73,QB,23,2,7561924
Ricky Seals-Jones,Kansas Chiefs,AFC West,73,TE,25,3,990000
Kyle Dugger,New England Patriots,AFC East,73,SS,24,0,2082976
Rasul Douglas,Philadelphia Eagles,NFC East,73,CB,25,3,990000
Allen Hurns,Miami Dolphins,AFC East,73,WR,28,6,3500000
Jordan Whitehead,Tampa Bay Buccaneers,NFC South,73,SS,23,2,781814
Jarrod Wilson,Jacksonville Jaguars,AFC South,73,FS,26,4,252000
Josh Sweat,Philadelphia Eagles,NFC East,73,LE,23,2,13333333
Jonathan Taylor,Indianapolis Colts,AFC South,73,HB,21,0,1957289
Joey Slye,Carolina Panthers,NFC South,73,K,24,1,850000
Kolton Miller,Las Vegas Raiders,AFC West,73,LT,24,2,18005000
Bryan Anger,Houston Texans,AFC South,73,P,31,8,1075000
Robert Foster,Buffalo Bills,AFC East,73,WR,26,2,252000
Jordan Phillips,St. Louis Cardinals,NFC West,73,RE,27,5,10000000
Tua Tagovailoa,Miami Dolphins,AFC East,73,QB,22,0,7568859
Maurice Canady,Dallas Cowboys,NFC East,73,CB,26,3,1250000
Julian Love,New York Giants,NFC East,73,CB,22,1,822715
Terrance Mitchell,Cleveland Browns,AFC North,73,CB,28,6,3250000
Matt Skura,Baltimore Ravens,AFC North,73,C,27,4,990000
Ross Blacklock,Houston Texans,AFC South,73,RE,22,0,1986863
Keke Coutee,Houston Texans,AFC South,73,WR,23,2,965000
Pat O'Donnell,Chicago Bears,NFC North,73,P,29,6,1750000
Star Lotulelei,Buffalo Bills,AFC East,73,DT,30,7,6200000
Michael Davis,Los Angeles Chargers,AFC West,73,CB,25,3,8400000
Nevin Lawson,Las Vegas Raiders,AFC West,73,CB,29,6,1275000
Ereck Flowers,Miami Dolphins,AFC East,73,LG,26,5,10000000
Genard Avery,Philadelphia Eagles,NFC East,73,RE,25,2,687237
Nathan Shepherd,New York Jets,AFC East,73,LE,26,2,968930
Christian Jones,Detroit Lions,NFC North,73,ROLB,29,6,1212500
Dustin Hopkins,Washington Commanders,NFC East,73,K,29,7,1075000
Alex Anzalone,New Orleans Saints,NFC South,73,MLB,25,3,1750000
C.J. Ham,Minnesota Vikings,NFC North,73,FB,27,4,3000000
Randy Bullock,Cincinnati Bengals,AFC North,73,K,30,8,1075000
Logan Wilson,Cincinnati Bengals,AFC North,73,MLB,24,0,1236398
D.J. Humphries,St. Louis Cardinals,NFC West,73,LT,26,5,14750000
Johnathan Abram,Las Vegas Raiders,AFC West,73,SS,23,1,2873799
Jaylon Johnson,Chicago Bears,NFC North,73,CB,21,0,1617194
Blessuan Austin,New York Jets,AFC East,73,CB,24,1,850000
Robert Alford,St. Louis Cardinals,NFC West,73,CB,31,7,990000
Mike Edwards,Tampa Bay Buccaneers,NFC South,73,FS,24,1,874509
Jalen Thompson,St. Louis Cardinals,NFC West,73,FS,22,1,715730
Preston Williams,Miami Dolphins,AFC East,73,WR,23,1,588333
Foyesade Oluokun,Atlanta Falcons,NFC South,73,ROLB,25,2,651657
Cam Akers,Los Angeles Rams,NFC West,73,HB,21,0,1543261
Clelin Ferrell,Las Vegas Raiders,AFC West,73,RE,23,1,7840204
Demetrius Harris,Chicago Bears,NFC North,72,TE,29,7,1075000
Eddy Pineiro,Chicago Bears,NFC North,72,K,24,2,780000
Alex Erickson,Cincinnati Bengals,AFC North,72,WR,27,4,990000
C.J. Uzomah,Cincinnati Bengals,AFC North,72,TE,27,5,6100000
Ty Nsekhe,Buffalo Bills,AFC East,72,RT,34,7,1750000
Drue Tranquill,Los Angeles Chargers,AFC West,72,MLB,25,1,794702
Darius Phillips,Cincinnati Bengals,AFC North,72,CB,24,2,669389
Eric Murray,Houston Texans,AFC South,72,FS,26,4,6000000
Chris Lindstrom,Atlanta Falcons,NFC South,72,RG,23,1,3677189
A.J. Dillon,Green Bay Packers,NFC North,72,HB,22,0,1321458
Jaylon Ferguson,Baltimore Ravens,AFC North,72,ROLB,24,1,913702
Ka'imi Fairbairn,Houston Texans,AFC South,72,K,26,4,4412500
Jonah Williams,Cincinnati Bengals,AFC North,72,LT,22,1,165600
A.J. Epenesa,Buffalo Bills,AFC East,72,LE,21,0,1469326
A.J. Klein,Buffalo Bills,AFC East,72,ROLB,29,7,6000000
Isaiah McKenzie,Buffalo Bills,AFC East,72,WR,25,3,1127500
Andy Isabella,St. Louis Cardinals,NFC West,72,WR,23,1,1157468
Bobby Okereke,Indianapolis Colts,AFC South,72,MLB,24,1,905529
Grant Delpit,Cleveland Browns,AFC North,72,FS,21,0,1866266
Terrell Burgess,Los Angeles Rams,NFC West,72,FS,21,0,1078520
Jordan Wilkins,Indianapolis Colts,AFC South,72,HB,26,2,252000
Justice Hill,Baltimore Ravens,AFC North,72,HB,22,1,815414
Folorunso Fatukasi,New York Jets,AFC East,72,RE,25,2,658564
Brandon Copeland,New England Patriots,AFC East,72,LOLB,29,6,990000
Josh Uche,New England Patriots,AFC East,72,ROLB,21,0,1347334
Miles Boykin,Baltimore Ravens,AFC North,72,WR,23,1,893732
Shaun Dion Hamilton,Washington Commanders,NFC East,72,LOLB,24,2,653252
Tyson Alualu,Pittsburgh Steelers,AFC North,72,LE,33,10,2750000
Charles Omenihu,Houston Texans,AFC South,72,LE,23,1,704101
Jack Crawford,Tennessee Titans,AFC South,72,RE,31,8,1075000
Denzel Perryman,Los Angeles Chargers,AFC West,72,MLB,27,5,3042500
Jerry Tillery,Los Angeles Chargers,AFC West,72,DT,23,1,2855540
Damien Wilson,Kansas Chiefs,AFC West,72,ROLB,27,5,2000000
Mekhi Becton,New York Jets,AFC East,72,LT,21,0,4611512
Rashan Gary,Green Bay Packers,NFC North,72,LOLB,22,1,3969328
Christian Kirksey,Green Bay Packers,NFC North,72,MLB,28,6,3000000
Duke Ejiofor,Houston Texans,AFC South,72,ROLB,25,2,825000
Brandon Aiyuk,San Francisco 49ers,NFC West,72,WR,22,0,3132838
Parris Campbell,Indianapolis Colts,AFC South,72,WR,23,1,1193984
Jason Sanders,Miami Dolphins,AFC East,72,K,24,2,4400000
Ken Crawley,Las Vegas Raiders,AFC West,72,CB,27,4,990000
Oshane Ximines,New York Giants,NFC East,72,ROLB,23,1,885695
Boston Scott,Philadelphia Eagles,NFC East,72,HB,25,2,920000
Jaylen Samuels,Pittsburgh Steelers,AFC North,72,HB,24,2,252000
Christopher Herndon IV,New York Jets,AFC East,72,TE,24,2,792842
Alex Lewis,New York Jets,AFC East,72,LG,28,4,3500000
Patrick Queen,Baltimore Ravens,AFC North,72,MLB,21,0,3040418
Cole Holcomb,Washington Commanders,NFC East,72,LOLB,24,1,688721
Cody Barton,Seattle Seahawks,NFC West,72,LOLB,23,1,906531
Ryan Switzer,Pittsburgh Steelers,AFC North,72,WR,25,3,920000
Khari Blasingame,Tennessee Titans,AFC South,72,FB,24,1,850000
D.J. Jones,San Francisco 49ers,NFC West,72,DT,25,3,3500000
Mitchell Trubisky,Chicago Bears,NFC North,72,QB,26,3,2500000
Daniel Jones,New York Giants,NFC East,72,QB,23,1,6416014
Blake Jarwin,Dallas Cowboys,NFC East,72,TE,26,3,5500000
Sean Davis,Washington Commanders,NFC East,72,SS,26,4,252000
Quincy Wilson,New York Jets,AFC East,72,CB,24,3,1035000
Jalen Mills,Philadelphia Eagles,NFC East,72,SS,26,4,6000000
Matthias Farley,New York Jets,AFC East,72,SS,28,4,1090000
Blake Martinez,New York Giants,NFC East,72,MLB,26,4,10250000
Ryan Griffin,New York Jets,AFC East,72,TE,30,7,252000
Jake Bailey,New England Patriots,AFC East,72,P,23,1,702520
Marquel Lee,Las Vegas Raiders,AFC West,72,LOLB,24,3,920000
Steven Sims,Washington Commanders,NFC East,72,WR,23,1,165600
Malcom Brown,New Orleans Saints,NFC South,72,DT,26,5,5500000
Pat Elflein,Minnesota Vikings,NFC North,72,LG,26,3,4500000
Roy Robertson-Harris,Chicago Bears,NFC North,71,LE,27,4,7800000
Daryl Williams,Buffalo Bills,AFC East,71,LG,28,5,8000000
Netane Muti,Denver Broncos,AFC West,71,RG,21,0,875198
Jordan Love,Green Bay Packers,NFC North,71,QB,21,0,3095868
Tyquan Lewis,Indianapolis Colts,AFC South,71,DT,25,2,1091514
Joe Thomas,Dallas Cowboys,NFC East,71,ROLB,29,6,1120000
Isaiah Oliver,Atlanta Falcons,NFC South,71,CB,23,2,1159163
Terrence Brooks,New England Patriots,AFC East,71,SS,28,6,1750000
Andrew Thomas,New York Giants,NFC East,71,RT,21,0,8086397
Braden Mann,New York Jets,AFC East,71,P,22,0,868025
Justin Ellis,Baltimore Ravens,AFC North,71,DT,29,6,1075000
L.J. Fort,Baltimore Ravens,AFC North,71,MLB,30,7,1127500
Kelvin Harmon,Washington Commanders,NFC East,71,WR,23,1,825000
Cesar Ruiz,New Orleans Saints,NFC South,71,RG,21,0,3169800
Dylan Cole,Houston Texans,AFC South,71,MLB,26,3,990000
Brent Urban,Chicago Bears,NFC North,71,LE,29,6,1750000
Corey Bojorquez,Buffalo Bills,AFC East,71,P,24,2,1020000
Tyler Kroft,Buffalo Bills,AFC East,71,TE,27,5,2000000
Michael Badgley,Los Angeles Chargers,AFC West,71,K,25,2,920000
Marquise Blair,Seattle Seahawks,NFC West,71,FS,23,1,1559162
Daniel Sorensen,Kansas Chiefs,AFC West,71,SS,30,6,2462500
Justin Madubuike,Baltimore Ravens,AFC North,71,RE,22,0,1213328
Jordyn Brooks,Seattle Seahawks,NFC West,71,MLB,22,0,3058901
Matt Feiler,Pittsburgh Steelers,AFC North,71,RT,28,5,7000000
Tytus Howard,Houston Texans,AFC South,71,RT,24,1,3056388
Mike Remmers,Kansas Chiefs,AFC West,71,LG,31,8,3300000
Connor Williams,Dallas Cowboys,NFC East,71,LG,23,2,1372249
T.J. Carrie,Indianapolis Colts,AFC South,71,CB,30,6,2085000
Amani Oruwariye,Detroit Lions,NFC North,71,CB,24,1,710834
K'Von Wallace,Philadelphia Eagles,NFC East,71,SS,23,0,1000278
James O'Shaughnessy,Jacksonville Jaguars,AFC South,71,TE,28,5,1590000
Cam Robinson,Jacksonville Jaguars,AFC South,71,LT,24,3,13754000
Tyler Lancaster,Green Bay Packers,NFC North,71,DT,25,2,1250000
Allen Lazard,Green Bay Packers,NFC North,71,WR,24,2,850000
Bradley Bozeman,Baltimore Ravens,AFC North,71,LG,25,2,644602
Derek Watt,Pittsburgh Steelers,AFC North,71,FB,27,4,3250000
Tee Higgins,Cincinnati Bengals,AFC North,71,WR,21,0,2171697
Dawson Knox,Buffalo Bills,AFC East,71,TE,23,1,880400
Christian Covington,Denver Broncos,AFC West,71,RE,26,5,990000
Khalen Saunders,Kansas Chiefs,AFC West,71,DT,24,1,918295
Jacoby Brissett,Indianapolis Colts,AFC South,71,QB,27,4,5000000
Vince Biegel,Miami Dolphins,AFC East,71,ROLB,27,3,920000
Isaiah Ford,Miami Dolphins,AFC East,71,WR,24,3,920000
Nik Needham,Miami Dolphins,AFC East,71,CB,23,1,850000
Mike Ford,Detroit Lions,NFC North,71,CB,25,2,1200000
Marlon Davidson,Atlanta Falcons,NFC South,71,LE,22,0,1728094
Nasir Adderley,Los Angeles Chargers,AFC West,71,FS,23,1,1183028
Taiwan Jones,Buffalo Bills,AFC East,71,HB,32,9,1750000
Kalen Ballage,Miami Dolphins,AFC East,71,HB,24,2,920000
Romeo Okwara,Detroit Lions,NFC North,71,RE,25,4,12333333
Jahlani Tavai,Detroit Lions,NFC North,71,MLB,23,1,1047500
Jordan Akins,Houston Texans,AFC South,71,TE,28,2,830879
Austin Seibert,Cleveland Browns,AFC North,71,K,23,1,695114
Tristan Wirfs,Tampa Bay Buccaneers,NFC South,71,RT,21,0,4057007
Nick Foles,Chicago Bears,NFC North,71,QB,31,8,8000000
Trysten Hill,Dallas Cowboys,NFC East,71,DT,22,1,1219549
Raekwon Davis,Miami Dolphins,AFC East,71,RE,23,0,1413878
Elandon Roberts,Miami Dolphins,AFC East,71,MLB,26,4,1990000
Ashtyn Davis,New York Jets,AFC East,71,FS,23,0,1229347
Grant Haley,New York Giants,NFC East,71,CB,24,2,907500
Andrew Adams,Tampa Bay Buccaneers,NFC South,71,SS,27,4,990000
A.J. Cann,Jacksonville Jaguars,AFC South,71,RG,28,5,5018333
Ameer Abdullah,Minnesota Vikings,NFC North,71,HB,27,5,990000
Devin Duvernay,Baltimore Ravens,AFC North,71,WR,22,0,1116927
Chris Moore,Baltimore Ravens,AFC North,71,WR,27,4,990000
Nick Martin,Houston Texans,AFC South,71,C,27,4,1250000
Germaine Pratt,Cincinnati Bengals,AFC North,70,MLB,24,1,1020885
KeeSean Johnson,St. Louis Cardinals,NFC West,70,WR,23,1,165600
Kyzir White,Los Angeles Chargers,AFC West,70,LOLB,24,2,778610
Tanoh Kpassagnon,Kansas Chiefs,AFC West,70,RE,26,3,2250000
Devin Smith,Dallas Cowboys,NFC East,70,WR,28,5,275111
Isaac Seumalo,Philadelphia Eagles,NFC East,70,LG,26,4,5850000
Justin Layne,Pittsburgh Steelers,AFC North,70,CB,22,1,920795
Amani Hooker,Tennessee Titans,AFC South,70,FS,22,1,814072
Blake Cashman,New York Jets,AFC East,70,MLB,24,1,706063
Brandon Bolden,New England Patriots,AFC East,70,HB,30,8,1850000
Van Jefferson,Los Angeles Rams,NFC West,70,WR,24,0,1402785
Jacob Martin,Houston Texans,AFC South,70,LOLB,24,2,655510
Cody Ford,Buffalo Bills,AFC East,70,RT,23,1,1876868
Andre Roberts,Buffalo Bills,AFC East,70,WR,32,10,1075000
K.J. Hamler,Denver Broncos,AFC West,70,WR,21,0,1784284
Josey Jewell,Denver Broncos,AFC West,70,MLB,25,2,793496
Ben Banogu,Indianapolis Colts,AFC South,70,RE,24,1,1486127
Marcus Johnson,Indianapolis Colts,AFC South,70,WR,26,4,1127500
Neville Gallimore,Dallas Cowboys,NFC East,70,DT,23,0,1151506
Rayshawn Jenkins,Los Angeles Chargers,AFC West,70,FS,26,3,8750000
Joejuan Williams,New England Patriots,AFC East,70,CB,22,1,1656664
Parry Nickerson,Jacksonville Jaguars,AFC South,70,CB,25,2,326222
Deionte Thompson,St. Louis Cardinals,NFC West,70,SS,23,1,717542
Dawuane Smoot,Jacksonville Jaguars,AFC South,70,RE,25,3,5000000
Denzel Mims,New York Jets,AFC East,70,WR,22,0,1358424
Jordan Willis,New York Jets,AFC East,70,ROLB,25,3,990000
Jarrad Davis,Detroit Lions,NFC North,70,MLB,24,3,5500000
Zack Moss,Buffalo Bills,AFC East,70,HB,22,0,1130520
Chase Claypool,Pittsburgh Steelers,AFC North,70,WR,22,0,1654159
Cole Kmet,Chicago Bears,NFC North,70,TE,21,0,1894447
Quinton Jefferson,Buffalo Bills,AFC East,70,DT,27,4,3250000
Vincent Taylor,Buffalo Bills,AFC East,70,DT,26,3,1500000
Justin Jones,Los Angeles Chargers,AFC West,70,DT,24,2,869035
Noah Brown,Dallas Cowboys,NFC East,70,WR,24,3,1127500
Ted Karras,Miami Dolphins,AFC East,70,C,27,4,3000000
Clayton Fejedelem,Miami Dolphins,AFC East,70,SS,27,4,2850000
Jeremy Chinn,Carolina Panthers,NFC South,70,SS,22,0,1310369
Jimmy Moreland,Washington Commanders,NFC East,70,CB,25,1,654473
Elijhaa Penny,New York Giants,NFC East,70,FB,27,4,1125000
Tarell Basham,New York Jets,AFC East,70,ROLB,26,3,2750000
Braxton Berrios,New York Jets,AFC East,70,WR,24,2,644602
Josh Adams,New York Jets,AFC East,70,HB,23,2,1035000
Jake Kumerow,Green Bay Packers,NFC North,70,WR,28,4,920000
Ian Thomas,Carolina Panthers,NFC South,70,TE,24,2,5650000
Jakobi Meyers,New England Patriots,AFC East,70,WR,23,1,588333
Nate Davis,Tennessee Titans,AFC South,70,RG,23,1,925045
Tim Patrick,Denver Broncos,AFC West,70,WR,26,3,10000000
Dorian O'Daniel,Kansas Chiefs,AFC West,70,LOLB,25,2,830785
Drew Lock,Denver Broncos,AFC West,70,QB,23,1,1752705
Kamu Grugier-Hill,Miami Dolphins,AFC East,70,MLB,26,4,2500000
Sterling Hofrichter,Atlanta Falcons,NFC South,70,P,23,0,882500
Marvell Tell III,Indianapolis Colts,AFC South,70,CB,24,1,165600
Rashad Fenton,Kansas Chiefs,AFC West,70,CB,23,1,675580
Logan Cooke,Jacksonville Jaguars,AFC South,70,P,25,2,3000000
Davon Hamilton,Jacksonville Jaguars,AFC South,70,DT,23,0,1202670
Jawaan Taylor,Jacksonville Jaguars,AFC South,70,RT,22,1,1960856
Morgan Fox,Los Angeles Rams,NFC West,70,RE,25,4,4050000
Deonte Harris,New Orleans Saints,NFC South,70,WR,22,1,588333
Max Scharping,Houston Texans,AFC South,70,LG,24,1,1267022
Ifeadi Odenigbo,Minnesota Vikings,NFC North,70,RE,26,3,920000
DaeSean Hamilton,Denver Broncos,AFC West,70,WR,25,2,785660
Matt Gay,Tampa Bay Buccaneers,NFC South,70,K,26,1,762500
Donovan Smith,Tampa Bay Buccaneers,NFC South,70,LT,27,5,15500000
Taco Charlton,Kansas Chiefs,AFC West,70,LE,25,3,990000
Justin Herbert,Los Angeles Chargers,AFC West,70,QB,22,0,6644689
Noah Igbinoghene,Miami Dolphins,AFC East,70,CB,20,0,2813551
A.J. Terrell,Atlanta Falcons,NFC South,70,CB,21,0,3576437
Artie Burns,Chicago Bears,NFC North,70,CB,25,4,990000
Zach Kerr,Carolina Panthers,NFC South,70,DT,30,6,1075000
Chris Manhertz,Carolina Panthers,NFC South,70,TE,28,5,3325000
Bryan Edwards,Las Vegas Raiders,AFC West,70,WR,21,0,1156645
Arden Key,Las Vegas Raiders,AFC West,70,RE,24,2,1045000
McTelvin Agim,Denver Broncos,AFC West,69,LE,22,0,1099762
Garett Bolles,Denver Broncos,AFC West,69,LT,28,3,17000000
Byron Pringle,Kansas Chiefs,AFC West,69,WR,26,2,2133000
Kristian Fulton,Tennessee Titans,AFC South,69,CB,21,0,1332549
Jayron Kearse,Detroit Lions,NFC North,69,SS,26,4,1127500
Julian Blackmon,Indianapolis Colts,AFC South,69,FS,22,0,1134960
Damien Harris,New England Patriots,AFC East,69,HB,23,1,907784
Stephen Weatherly,Carolina Panthers,NFC South,69,LE,26,4,2000000
Darrynton Evans,Tennessee Titans,AFC South,69,HB,22,0,1109430
Daniel Carlson,Las Vegas Raiders,AFC West,69,K,25,2,4600000
Darrell Taylor,Seattle Seahawks,NFC West,69,LE,23,0,1691128
Jeremiah Attaochu,Denver Broncos,AFC West,69,LOLB,27,6,2775000
Kevin Minter,Tampa Bay Buccaneers,NFC South,69,MLB,29,7,1212500
Leki Fotu,St. Louis Cardinals,NFC West,69,DT,22,0,1017118
Tyrod Taylor,Los Angeles Chargers,AFC West,69,QB,31,9,5500000
John Cominsky,Atlanta Falcons,NFC South,69,LE,24,1,752098
Riley Dixon,New York Giants,NFC East,69,P,27,4,2900000
Tarvarius Moore,San Francisco 49ers,NFC West,69,FS,24,2,837843
Trevon Diggs,Dallas Cowboys,NFC East,69,CB,22,0,1580227
Troy Apke,Washington Commanders,NFC East,69,FS,25,2,790909
Dane Cruikshank,Tennessee Titans,AFC South,69,SS,25,2,686973
Ke'Shawn Vaughn,Tampa Bay Buccaneers,NFC South,69,HB,23,0,1177110
Patrick Laird,Miami Dolphins,AFC East,69,HB,25,1,850000
Ogbonnia Okoronkwo,Los Angeles Rams,NFC West,69,ROLB,25,2,683634
Malik Harrison,Baltimore Ravens,AFC North,69,MLB,22,0,1084234
Shamar Stephen,Minnesota Vikings,NFC North,69,DT,29,6,1585000
Kerry Hyder,San Francisco 49ers,NFC West,69,RE,29,5,3250000
Javon Wims,Chicago Bears,NFC North,69,WR,25,2,965000
Gabriel Davis,Buffalo Bills,AFC East,69,WR,21,0,998593
Dre'Mont Jones,Denver Broncos,AFC West,69,LE,23,1,1039700
DeMarcus Walker,Denver Broncos,AFC West,69,RE,25,3,1500000
Zach Allen,St. Louis Cardinals,NFC West,69,LE,23,1,1073441
Lamont Gaillard,St. Louis Cardinals,NFC West,69,LG,24,1,165600
Cameron Johnston,Philadelphia Eagles,NFC East,69,P,28,2,2666667
Charles Harris,Atlanta Falcons,NFC South,69,LE,25,3,1750000
Josh Jones,Jacksonville Jaguars,AFC South,69,SS,25,3,252000
Sheldrick Redwine,Cleveland Browns,AFC North,69,FS,23,1,850000
Ryan Smith,Tampa Bay Buccaneers,NFC South,69,CB,26,4,1500000
Ibraheim Campbell,Tennessee Titans,AFC South,69,FS,28,5,292000
Dean Marlowe,Buffalo Bills,AFC East,69,SS,28,5,990000
Frankie Luvu,New York Jets,AFC East,69,LOLB,23,2,4500000
Brett Maher,New York Jets,AFC East,69,K,30,2,850000
Lane Taylor,Green Bay Packers,NFC North,69,LG,30,7,990000
Greg Little,Carolina Panthers,NFC South,69,LT,22,1,1909731
Antonio Gibson,Washington Commanders,NFC East,69,HB,22,0,1233160
Foster Moreau,Las Vegas Raiders,AFC West,69,TE,23,1,752098
Jon Bostic,Washington Commanders,NFC East,69,MLB,29,7,2500000
Antonio Gandy-Golden,Washington Commanders,NFC East,69,WR,22,0,165600
Kevin Pierre-Louis,Washington Commanders,NFC East,69,MLB,28,6,3500000
Jordan Thomas,Houston Texans,AFC South,69,TE,24,2,965000
Tyler Bass,Buffalo Bills,AFC East,69,K,23,0,869806
Trevon Coley,St. Louis Cardinals,NFC West,69,LE,26,3,990000
Laquon Treadwell,Atlanta Falcons,NFC South,69,WR,25,4,990000
Kavon Frazier,Miami Dolphins,AFC East,69,SS,26,4,252000
Keion Crossen,Houston Texans,AFC South,69,CB,24,2,633598
Cameron Sutton,Pittsburgh Steelers,AFC North,69,CB,25,3,4500000
Nate Hairston,New York Jets,AFC East,69,CB,26,3,990000
Quincy Williams,Jacksonville Jaguars,AFC South,69,ROLB,24,1,876509
Will Harris,Detroit Lions,NFC North,69,SS,24,1,930974
Julian Okwara,Detroit Lions,NFC North,69,RE,22,0,1232835
Zack Baun,New Orleans Saints,NFC South,69,LOLB,23,0,1196780
Andrew Van Ginkel,Miami Dolphins,AFC East,69,ROLB,25,1,707991
Andre Dillard,Philadelphia Eagles,NFC East,69,LT,24,1,3092903
George Odum,Indianapolis Colts,AFC South,69,FS,26,2,2133000
Trenton Cannon,New York Jets,AFC East,69,HB,26,2,920000
Devin Asiasi,New England Patriots,AFC East,69,TE,23,0,1116568
Ben Burr-Kirven,Seattle Seahawks,NFC West,69,ROLB,22,1,715730
Rasheem Green,Seattle Seahawks,NFC West,69,RE,23,2,893139
DeAndre Carter,Houston Texans,AFC South,69,WR,27,4,970000
Anthony Firkser,Tennessee Titans,AFC South,69,TE,25,2,3000000
John Jenkins,Chicago Bears,NFC North,68,RE,31,7,1212500
Akeem Davis-Gaither,Cincinnati Bengals,AFC North,68,ROLB,22,0,1028127
Trey Hopkins,Cincinnati Bengals,AFC North,68,C,28,6,6800000
Renell Wren,Cincinnati Bengals,AFC North,68,DT,24,1,850000
Chris Hubbard,Cleveland Browns,AFC North,68,RT,29,7,3500000
Rodrigo Blankenship,Indianapolis Colts,AFC South,68,K,23,0,768333
Sam Eguavoen,Miami Dolphins,AFC East,68,ROLB,27,1,585000
Duke Riley,Philadelphia Eagles,NFC East,68,LOLB,26,3,1127500
Levine Toilolo,New York Giants,NFC East,68,TE,29,7,1600000
Cody Davis,New England Patriots,AFC East,68,FS,31,7,2150000
Michael Ojemudia,Denver Broncos,AFC West,68,CB,22,0,1175970
Amik Robertson,Las Vegas Raiders,AFC West,68,CB,22,0,947350
Marquis Haynes,Carolina Panthers,NFC South,68,LE,26,2,728089
Keith Kirkwood,Carolina Panthers,NFC South,68,WR,25,2,233866
Ty Johnson,Detroit Lions,NFC North,68,HB,22,1,673139
Sam Sloman,Los Angeles Rams,NFC West,68,K,22,0,825000
Sutton Smith,Seattle Seahawks,NFC West,68,ROLB,24,2,742500
Olabisi Johnson,Minnesota Vikings,NFC North,68,WR,23,1,648644
Jason Croom,Buffalo Bills,AFC East,68,TE,26,3,762500
Mike Purcell,Denver Broncos,AFC West,68,DT,29,5,2875000
Malik Reed,Denver Broncos,AFC West,68,ROLB,24,1,590000
Jordan Elliott,Cleveland Browns,AFC North,68,DT,22,0,1123438
Wyatt Teller,Cleveland Browns,AFC North,68,RG,25,2,14200000
Cameron Erving,Dallas Cowboys,NFC East,68,LT,28,5,5000000
Mack Hollins,Miami Dolphins,AFC East,68,WR,26,3,1127500
Marcus Mariota,Las Vegas Raiders,AFC West,68,QB,26,5,3500000
John Hightower,Philadelphia Eagles,NFC East,68,WR,24,0,887500
Hassan Ridgeway,Philadelphia Eagles,NFC East,68,DT,25,4,990000
Greg Van Roten,New York Jets,AFC East,68,RG,30,7,3500000
Darian Thompson,Dallas Cowboys,NFC East,68,FS,26,4,293000
Jordan Richards,Baltimore Ravens,AFC North,68,SS,27,5,252000
Shilique Calhoun,New England Patriots,AFC East,68,LOLB,28,4,1035000
Greg Gaines,Los Angeles Rams,NFC West,68,DT,24,1,786653
Adam Trautman,New Orleans Saints,NFC South,68,TE,23,0,1077803
Deon Cain,Pittsburgh Steelers,AFC North,68,WR,24,2,252000
Kalif Raymond,Tennessee Titans,AFC South,68,WR,26,3,1127500
Kevin Huber,Cincinnati Bengals,AFC North,68,P,35,11,1637500
Forrest Lamp,Los Angeles Chargers,AFC West,68,LG,26,3,252000
Steven Means,Atlanta Falcons,NFC South,68,LE,29,7,1127500
Cody Core,New York Giants,NFC East,68,WR,26,4,1035000
David Mayo,New York Giants,NFC East,68,MLB,27,5,1272500
Tony Brown,Cincinnati Bengals,AFC North,68,CB,25,2,252000
Jace Sternberger,Green Bay Packers,NFC North,68,TE,23,1,165600
Adam Shaheen,Chicago Bears,NFC North,68,TE,25,3,2425000
Kendall Lamm,Cleveland Browns,AFC North,68,LT,28,5,3400000
Sione Takitaki,Cleveland Browns,AFC North,68,LOLB,24,1,933969
Tyler Johnson,Tampa Bay Buccaneers,NFC South,68,WR,22,0,902355
Jalen Hurts,Philadelphia Eagles,NFC East,68,QB,22,0,1506294
Geno Stone,Baltimore Ravens,AFC North,68,SS,21,0,780000
Isaiah Johnson,Las Vegas Raiders,AFC West,68,CB,24,1,895000
Dwayne Washington,New Orleans Saints,NFC South,68,HB,26,4,1127500
Angelo Blackson,Houston Texans,AFC South,68,RE,27,5,2750000
Cethan Carter,Cincinnati Bengals,AFC North,68,FB,24,3,2600000
Nick Vannett,Denver Broncos,AFC West,68,TE,27,4,2666667
Elijah Wilkinson,Denver Broncos,AFC West,68,LG,25,3,1127500
Malik Jefferson,Los Angeles Chargers,AFC West,68,ROLB,23,3,965000
Ben Niemann,Kansas Chiefs,AFC West,68,MLB,25,2,1570000
George Fant,New York Jets,AFC East,68,RT,28,4,9200000
Harvey Langi,New York Jets,AFC East,68,LOLB,27,3,982500
Brandon Jones,Miami Dolphins,AFC East,68,FS,22,0,1218276
Jabari Zuniga,New York Jets,AFC East,68,LOLB,23,0,837500
Josiah Scott,Jacksonville Jaguars,AFC South,68,CB,21,0,984734
Derek Rivers,New England Patriots,AFC East,68,LE,26,3,1050000
Darrel Williams,Kansas Chiefs,AFC West,68,HB,25,2,1600000
Jihad Ward,Baltimore Ravens,AFC North,68,LE,26,4,2500000
Nate Orchard,Washington Commanders,NFC East,68,RE,27,4,990000
Jordan Evans,Cincinnati Bengals,AFC North,67,ROLB,25,3,1127500
Drew Sample,Cincinnati Bengals,AFC North,67,TE,24,1,1376574
Sheldon Day,Indianapolis Colts,AFC South,67,DT,26,4,990000
Al-Quadin Muhammad,Indianapolis Colts,AFC South,67,RE,25,3,2920000
James Carpenter,Atlanta Falcons,NFC South,67,LG,31,9,1075000
Younghoe Koo,Atlanta Falcons,NFC South,67,K,26,3,920000
Kaleb McGary,Atlanta Falcons,NFC South,67,RT,25,1,2566436
Josh Oliver,Jacksonville Jaguars,AFC South,67,TE,23,1,1062711
Marcell Harris,San Francisco 49ers,NFC West,67,SS,26,2,1200000
Rudy Ford,Philadelphia Eagles,NFC East,67,SS,25,3,2100000
Steven Parker,Miami Dolphins,AFC East,67,FS,24,2,850000
John Miller,Carolina Panthers,NFC South,67,RG,27,5,1127500
Nicholas Morrow,Las Vegas Raiders,AFC West,67,MLB,25,3,4500000
Brian Hill,Atlanta Falcons,NFC South,67,HB,24,3,252000
John Kelly,Los Angeles Rams,NFC West,67,HB,23,2,165600
Chad Hansen,Houston Texans,AFC South,67,WR,25,4,895000
Armon Watts,Minnesota Vikings,NFC North,67,DT,24,1,672274
Anthony Nelson,Tampa Bay Buccaneers,NFC South,67,LOLB,23,1,823760
Matthew Adams,Indianapolis Colts,AFC South,67,ROLB,24,2,640396
Josh Rosen,Miami Dolphins,AFC East,67,QB,23,2,850000
Matt Hennessy,Atlanta Falcons,NFC South,67,C,22,0,1171594
Austin Johnson,New York Giants,NFC East,67,RE,26,4,3000000
C.J. Board,Jacksonville Jaguars,AFC South,67,WR,26,2,920000
Halapoulivaati Vaitai,Detroit Lions,NFC North,67,RT,27,4,9000000
Josiah Deguara,Green Bay Packers,NFC North,67,TE,23,0,1104921
Adrian Colbert,Miami Dolphins,AFC East,67,FS,26,3,252000
DeShon Elliott,Baltimore Ravens,AFC North,67,FS,23,2,654450
Torry McTyer,Cincinnati Bengals,AFC North,67,CB,25,3,990000
Terrell Lewis,Los Angeles Rams,NFC West,67,LOLB,22,0,1138893
Michael Burton,New Orleans Saints,NFC South,67,FB,28,5,990000
Chris Wormley,Pittsburgh Steelers,AFC North,67,DT,26,3,4500000
Tom Compton,San Francisco 49ers,NFC West,67,RG,31,8,1075000
Porter Gustin,Cleveland Browns,AFC North,67,LE,23,1,850000
Jacob Phillips,Cleveland Browns,AFC North,67,MLB,21,0,1086078
Justin Watson,Tampa Bay Buccaneers,NFC South,67,WR,25,2,1035000
Dalton Schultz,Dallas Cowboys,NFC East,67,TE,24,2,10931000
Case Keenum,Cleveland Browns,AFC North,67,QB,32,8,6000000
Davion Taylor,Philadelphia Eagles,NFC East,67,ROLB,22,0,1078323
LaRoy Reynolds,Atlanta Falcons,NFC South,67,ROLB,29,7,252000
John Franklin-Myers,New York Jets,AFC East,67,LE,23,2,13750000
Jonotthan Harrison,New York Jets,AFC East,67,C,29,6,306000
Nate Ebner,New York Giants,NFC East,67,SS,31,8,1212500
Darnay Holmes,New York Giants,NFC East,67,CB,22,0,1021722
Anthony Averett,Baltimore Ravens,AFC North,67,CB,25,2,780250
Tanner Muse,Las Vegas Raiders,AFC West,67,ROLB,23,0,780000
Kyle Wilber,Las Vegas Raiders,AFC West,67,LOLB,31,8,990000
MyCole Pruitt,Tennessee Titans,AFC South,67,TE,28,5,990000
Dru Samia,Minnesota Vikings,NFC North,67,RG,23,1,165600
Austin Calitro,Cincinnati Bengals,AFC North,67,MLB,26,3,252000
Billy Price,Cincinnati Bengals,AFC North,67,LG,25,2,2928123
Trent Sherfield,St. Louis Cardinals,NFC West,67,WR,24,2,920000
Joe Reed,Los Angeles Chargers,AFC West,67,WR,22,0,875000
Isaac Rochell,Los Angeles Chargers,AFC West,67,LE,25,3,2500000
Collin Johnson,Jacksonville Jaguars,AFC South,67,WR,22,0,900538
Jaquan Johnson,Buffalo Bills,AFC East,67,FS,24,1,676085
T.J. Green,Carolina Panthers,NFC South,67,CB,25,3,252000
Corey Ballentine,New York Giants,NFC East,67,CB,24,1,165600
Greg Mabin,Cincinnati Bengals,AFC North,67,CB,26,3,990000
Bryce Hall,New York Jets,AFC East,67,CB,22,0,902700
L'Jarius Sneed,Kansas Chiefs,AFC West,67,FS,23,0,982330
Anfernee Jennings,New England Patriots,AFC East,67,LOLB,23,0,1125982
Christian Wade,Buffalo Bills,AFC East,67,HB,29,2,742500
Dare Ogunbowale,Tampa Bay Buccaneers,NFC South,67,HB,26,3,850000
Mike Boone,Minnesota Vikings,NFC North,67,HB,25,2,1925000
Shy Tuttle,New Orleans Saints,NFC South,67,DT,24,1,586667
Alex Highsmith,Pittsburgh Steelers,AFC North,67,ROLB,23,0,1076703
Greg Joseph,Tennessee Titans,AFC South,67,K,26,2,780000
Chad Beebe,Minnesota Vikings,NFC North,67,WR,26,2,920000
Jaleel Johnson,Minnesota Vikings,NFC North,67,DT,26,3,990000
Eric Saubert,Chicago Bears,NFC North,67,TE,26,3,990000
Xavier Su'a-Filo,Cincinnati Bengals,AFC North,67,LG,29,6,252000
Harrison Bryant,Cleveland Browns,AFC North,67,TE,22,0,1016008
Tae Davis,Cleveland Browns,AFC North,67,LOLB,24,2,1065000
Dan Feeney,Los Angeles Chargers,AFC West,67,LG,26,3,3500000
Robert Hunt,Miami Dolphins,AFC East,67,RG,24,0,2016436
Austin Bryant,Detroit Lions,NFC North,67,LE,23,1,813158
Quintez Cephus,Detroit Lions,NFC North,67,WR,22,0,899823
Equanimeous St. Brown,Green Bay Packers,NFC North,67,WR,23,2,850000
Joshua Kelley,Los Angeles Chargers,AFC West,67,HB,22,0,1018836
J.J. Taylor,New England Patriots,AFC East,67,HB,22,0,761667
L.J. Collier,Seattle Seahawks,NFC West,67,RE,24,1,2709020
Eddie Yarbrough,Minnesota Vikings,NFC North,67,RE,27,3,252000
Damion Square,Los Angeles Chargers,AFC West,66,DT,31,7,252000
Andrew Wylie,Kansas Chiefs,AFC West,66,LG,26,3,920000
Lerentee McCray,Jacksonville Jaguars,AFC South,66,LE,30,7,1047500
Chuma Edoga,New York Jets,AFC East,66,RT,23,1,896750
Travis Fulgham,Detroit Lions,NFC North,66,WR,24,1,165600
Efe Obada,Carolina Panthers,NFC South,66,LE,28,2,1500000
Justin Bethel,New England Patriots,AFC East,66,CB,30,8,2000000
Matt LaCosse,New England Patriots,AFC East,66,TE,27,5,293000
Kevin Toliver II,Chicago Bears,NFC North,66,CB,24,2,252000
Cameron Dantzler,Minnesota Vikings,NFC North,66,CB,21,0,1121289
Alohi Gilman,Los Angeles Chargers,AFC West,66,SS,22,0,870719
Darwin Thompson,Kansas Chiefs,AFC West,66,HB,23,1,895000
La'Mical Perine,New York Jets,AFC East,66,HB,22,0,1010086
Cullen Gillaspia,Houston Texans,AFC South,66,FB,25,1,850000
Mark Nzeocha,San Francisco 49ers,NFC West,66,LOLB,30,5,252000
Darnell Mooney,Chicago Bears,NFC North,66,WR,22,0,894262
Jeremiah Ledbetter,Tampa Bay Buccaneers,NFC South,66,RE,26,4,895000
Daeshon Hall,Philadelphia Eagles,NFC East,66,LE,25,3,1035000
Bronson Kaufusi,New York Jets,AFC East,66,RE,29,5,165600
Tyrell Crosby,Detroit Lions,NFC North,66,RT,24,2,686921
Pharoh Cooper,Carolina Panthers,NFC South,66,WR,25,4,304000
Jordan Kunaszyk,Carolina Panthers,NFC South,66,ROLB,23,1,850000
Corn Elder,Carolina Panthers,NFC South,66,CB,25,3,1055000
Tremon Smith,Philadelphia Eagles,NFC East,66,CB,24,3,1400000
Damien Lewis,Seattle Seahawks,NFC West,66,RG,23,0,1225537
Juwann Winfree,Denver Broncos,AFC West,66,WR,23,1,837500
KhaDarel Hodge,Cleveland Browns,AFC North,66,WR,25,2,1000000
Alex Cappa,Tampa Bay Buccaneers,NFC South,66,RG,25,2,842176
Dan Arnold,St. Louis Cardinals,NFC West,66,TE,25,2,3000000
Tanner Vallejo,St. Louis Cardinals,NFC West,66,MLB,25,3,1650000
Ryan Winslow,St. Louis Cardinals,NFC West,66,P,26,1,825000
Chase McLaughlin,Indianapolis Colts,AFC South,66,K,24,1,762500
Nick Mullens,San Francisco 49ers,NFC West,66,QB,25,3,920000
Kyle Phillips,New York Jets,AFC East,66,LOLB,23,1,586667
Dalton Keene,New England Patriots,AFC East,66,TE,21,0,1078703
Myles Gaskin,Miami Dolphins,AFC East,66,HB,23,1,651777
B.J. Finney,Seattle Seahawks,NFC West,66,C,28,5,990000
Cameron Batson,Tennessee Titans,AFC South,66,WR,24,2,762500
Ezra Cleveland,Minnesota Vikings,NFC North,66,LT,22,0,1384304
Brett Jones,Minnesota Vikings,NFC North,66,C,29,6,990000
Troy Fumagalli,Denver Broncos,AFC West,66,TE,25,2,850000
Albert Okwuegbunam,Denver Broncos,AFC West,66,TE,22,0,1011011
Donovan Peoples-Jones,Cleveland Browns,AFC North,66,WR,21,0,870402
Justin Zimmer,Cleveland Browns,AFC North,66,DT,27,2,851250
Jaydon Mickens,Tampa Bay Buccaneers,NFC South,66,WR,26,4,990000
Jonathan Bullard,St. Louis Cardinals,NFC West,66,RE,26,4,990000
Zaire Franklin,Indianapolis Colts,AFC South,66,ROLB,24,2,636764
Mykal Walker,Atlanta Falcons,NFC South,66,LOLB,23,0,1010271
Ryan Connelly,New York Giants,NFC East,66,MLB,24,1,714044
Elijah Lee,Detroit Lions,NFC North,66,ROLB,24,3,990000
Davontae Harris,Denver Broncos,AFC West,66,CB,25,2,920000
Ryquell Armstead,Jacksonville Jaguars,AFC South,66,HB,23,1,907500
Khaleke Hudson,Washington Commanders,NFC East,66,ROLB,22,0,901901
Jason Huntley,Detroit Lions,NFC North,66,HB,22,0,860000
Phil Haynes,Seattle Seahawks,NFC West,66,LG,24,1,850000
Chukwuma Okorafor,Pittsburgh Steelers,AFC North,66,LT,23,2,851841
Isaiah Coulter,Houston Texans,AFC South,66,WR,21,0,233866
Bobby Hart,Cincinnati Bengals,AFC North,66,RT,26,5,990000
Khalid Kareem,Cincinnati Bengals,AFC North,66,LE,22,0,912369
Kylie Fitts,St. Louis Cardinals,NFC West,66,LOLB,25,2,920000
Mo Alie-Cox,Indianapolis Colts,AFC South,66,TE,26,2,3384000
Vyncint Smith,New York Jets,AFC East,66,WR,24,2,965000
Nick Bawden,Detroit Lions,NFC North,66,FB,24,2,780000
Dennis Daley,Carolina Panthers,NFC South,66,LG,24,1,661960
Chris Smith,Carolina Panthers,NFC South,66,RE,28,6,1075000
John Reid,Houston Texans,AFC South,66,CB,24,0,780000
Samaje Perine,Cincinnati Bengals,AFC North,66,HB,24,4,1650000
James Hurst,New Orleans Saints,NFC South,66,RT,28,6,3000000
Jonathan Greenard,Houston Texans,AFC South,66,LOLB,23,0,1118889
Diontae Spencer,Denver Broncos,AFC West,65,WR,28,1,850000
Michael Dogbe,St. Louis Cardinals,NFC West,65,LE,24,1,850000
Scott Quessenberry,Los Angeles Chargers,AFC West,65,C,25,2,686063
Tommy Townsend,Kansas Chiefs,AFC West,65,P,23,0,764167
Quez Watkins,Philadelphia Eagles,NFC East,65,WR,22,0,866165
Cameron Fleming,New York Giants,NFC East,65,RT,27,6,1415000
Spencer Pulley,New York Giants,NFC East,65,C,27,4,252000
Neville Hewitt,New York Jets,AFC East,65,MLB,27,5,1700000
Kingsley Keke,Green Bay Packers,NFC North,65,RE,23,1,708317
Deon Bush,Chicago Bears,NFC North,65,SS,27,4,1500000
Brian Allen,Los Angeles Rams,NFC West,65,C,24,2,165600
Jordan Miller,Atlanta Falcons,NFC South,65,CB,23,1,165600
Jamal Perry,Miami Dolphins,AFC East,65,SS,25,3,850000
Micah Kiser,Los Angeles Rams,NFC West,65,MLB,25,2,850000
Joseph Noteboom,Los Angeles Rams,NFC West,65,LG,25,2,863011
Troy Reeder,Los Angeles Rams,NFC West,65,MLB,25,1,589000
Richard Rodgers,Washington Commanders,NFC East,65,TE,28,6,1120000
Cam Sims,Washington Commanders,NFC East,65,WR,24,2,2133000
Jeremy Sprinkle,Washington Commanders,NFC East,65,TE,26,3,990000
Trayveon Williams,Cincinnati Bengals,AFC North,65,HB,22,1,907500
Dontrell Hilliard,Cleveland Browns,AFC North,65,HB,25,2,920000
Kahale Warring,Houston Texans,AFC South,65,TE,23,1,780000
Josh Wells,Tampa Bay Buccaneers,NFC South,65,LT,29,6,1127500
Justin Murray,St. Louis Cardinals,NFC West,65,RT,27,4,2750000
Ty Long,Los Angeles Chargers,AFC West,65,P,27,2,850000
Grover Stewart,Indianapolis Colts,AFC South,65,DT,26,3,10250000
Justin McCray,Atlanta Falcons,NFC South,65,LT,28,5,2000000
Kaden Smith,New York Giants,NFC East,65,TE,23,1,680002
Trevon Wesco,New York Jets,AFC East,65,TE,24,1,806643
Jalen Reeves-Maybin,Detroit Lions,NFC North,65,MLB,25,3,2337500
Montravius Adams,Green Bay Packers,NFC North,65,RE,25,3,990000
Jakob Johnson,New England Patriots,AFC East,65,FB,25,1,850000
Josh Metellus,Minnesota Vikings,NFC North,65,FS,22,0,823750
Sharrod Neasman,Atlanta Falcons,NFC South,65,FS,28,4,252000
Dexter Williams,Green Bay Packers,NFC North,65,HB,23,1,850000
Nick Bellore,Seattle Seahawks,NFC West,65,FB,31,9,2225000
Isaiah Mack,Tennessee Titans,AFC South,65,LE,24,1,165600
Troy Dye,Minnesota Vikings,NFC North,65,MLB,23,0,993393
Ross Dwelley,San Francisco 49ers,NFC West,65,TE,25,2,1600000
Joe Walker,San Francisco 49ers,NFC West,65,MLB,27,4,1035000
Devante Bond,Chicago Bears,NFC North,65,ROLB,27,4,252000
Justin Hollins,Denver Broncos,AFC West,65,ROLB,24,1,706724
Michael Deiter,Miami Dolphins,AFC East,65,RG,23,1,953562
Zach Sieler,Miami Dolphins,AFC East,65,LE,24,2,2858333
Kyle Allen,Washington Commanders,NFC East,65,QB,24,2,850000
Olamide Zaccheaus,Atlanta Falcons,NFC South,65,WR,23,1,586667
Joe Giles-Harris,Jacksonville Jaguars,AFC South,65,LOLB,23,1,241644
Jack Fox,Detroit Lions,NFC North,65,P,24,2,780000
Brandon Facyson,Los Angeles Chargers,AFC West,65,CB,25,2,920000
Darious Williams,Los Angeles Rams,NFC West,65,CB,27,2,4766000
Tye Smith,Tennessee Titans,AFC South,65,CB,27,4,293000
Brycen Hopkins,Los Angeles Rams,NFC West,65,TE,23,0,987033
James Proche,Baltimore Ravens,AFC North,65,WR,23,0,865775
Wes Schweitzer,Washington Commanders,NFC East,65,LG,26,4,4500000
Eno Benjamin,St. Louis Cardinals,NFC West,65,HB,21,0,849429
Taylor Stallworth,New Orleans Saints,NFC South,65,DT,25,2,920000
Colby Parkinson,Seattle Seahawks,NFC West,65,TE,21,0,991360
John Ursua,Seattle Seahawks,NFC West,65,WR,26,1,780000
Derick Roberson,Tennessee Titans,AFC South,65,ROLB,24,1,585000
K.J. Osborn,Minnesota Vikings,NFC North,65,WR,23,0,890693
Andrew Brown,Cincinnati Bengals,AFC North,65,RE,24,2,165600
Tyler Matakevich,Buffalo Bills,AFC East,65,MLB,27,4,2500000
Ashton Dulin,Indianapolis Colts,AFC South,65,WR,23,1,850000
Oren Burks,Green Bay Packers,NFC North,65,MLB,25,2,863689
Chris Banjo,St. Louis Cardinals,NFC West,65,SS,30,7,1075000
John Simpson,Las Vegas Raiders,AFC West,65,LG,23,0,1022946
Nate Meadors,Minnesota Vikings,NFC North,65,CB,23,1,825000
Deshazor Everett,Washington Commanders,NFC East,65,SS,28,5,2000000
Ben Powers,Baltimore Ravens,AFC North,65,LG,23,1,804383
Andre Smith,Baltimore Ravens,AFC North,65,RT,33,11,1200000
Travis Homer,Seattle Seahawks,NFC West,65,HB,22,1,665840
Demarcus Christmas,Seattle Seahawks,NFC West,65,DT,25,1,780000
Carlos Watkins,Houston Texans,AFC South,65,LE,26,3,1750000
Jalyn Holmes,Minnesota Vikings,NFC North,65,LE,24,2,920000
Justin Skule,San Francisco 49ers,NFC West,65,LT,23,1,674887
Trevis Gipson,Chicago Bears,NFC North,65,LOLB,23,0,905168
Joel Iyiegbuniwe,Chicago Bears,NFC North,65,MLB,24,2,784644
Bradlee Anae,Dallas Cowboys,NFC East,65,LE,22,0,905000
Jesse Davis,Miami Dolphins,AFC East,65,RT,28,4,5016667
Dakota Allen,Jacksonville Jaguars,AFC South,65,LOLB,24,1,850000
Donovan Wilson,Dallas Cowboys,NFC East,65,SS,25,1,661960
Derek Carrier,Las Vegas Raiders,AFC West,65,TE,30,8,1075000
Daniel Thomas,Jacksonville Jaguars,AFC South,65,SS,22,0,903029
Siran Neal,Buffalo Bills,AFC East,65,SS,26,2,3000000
Dontae Johnson,San Francisco 49ers,NFC West,65,CB,28,6,1075000
Dane Jackson,Buffalo Bills,AFC East,65,CB,23,0,855000
Greg Dortch,Los Angeles Rams,NFC West,65,WR,22,2,837500
Wes Martin,Washington Commanders,NFC East,65,RG,24,1,907500
Tim Settle,Washington Commanders,NFC East,65,DT,23,2,682011
Alton Robinson,Seattle Seahawks,NFC West,65,RE,22,0,911586
Senio Kelemete,Houston Texans,AFC South,65,LG,30,7,1075000
D.J. Wonnum,Minnesota Vikings,NFC North,65,RE,22,0,1011445
Rakeem Nunez-Roches,Tampa Bay Buccaneers,NFC South,64,LE,27,5,2500000
Stephen Anderson,Los Angeles Chargers,AFC West,64,TE,27,4,920000
Curtis Weaver,Miami Dolphins,AFC East,64,LOLB,22,0,165600
Austin Larkin,Atlanta Falcons,NFC South,64,RE,25,0,895000
Miles Killebrew,Detroit Lions,NFC North,64,ROLB,27,4,1127500
David Edwards,Los Angeles Rams,NFC West,64,LT,23,1,696130
Jaylinn Hawkins,Atlanta Falcons,NFC South,64,SS,23,0,990478
Harrison Hand,Minnesota Vikings,NFC North,64,CB,21,0,898446
Tyre Phillips,Baltimore Ravens,AFC North,64,RG,23,0,1031823
C.J. Goodwin,Dallas Cowboys,NFC East,64,CB,30,6,1750000
Juston Burris,Carolina Panthers,NFC South,64,SS,27,4,4000000
Isaiah Buggs,Pittsburgh Steelers,AFC North,64,RE,24,1,165600
Qadree Ollison,Atlanta Falcons,NFC South,64,HB,23,1,850000
Jonathan Woodard,Buffalo Bills,AFC East,64,RE,26,5,895000
Joel Heath,Denver Broncos,AFC West,64,DT,27,4,990000
Gabe Nabers,Los Angeles Chargers,AFC West,64,FB,22,0,761667
Gerri Green,Indianapolis Colts,AFC South,64,LE,24,2,705000
Durham Smythe,Miami Dolphins,AFC East,64,TE,25,2,773058
Carter Coughlin,New York Giants,NFC East,64,LOLB,23,0,851286
Jason Cabinda,Detroit Lions,NFC North,64,MLB,24,2,2050000
Ryan Izzo,New England Patriots,AFC East,64,TE,24,2,872500
Justin Lawler,Los Angeles Rams,NFC West,64,LOLB,25,2,339999
Doug Middleton,Jacksonville Jaguars,AFC South,64,FS,26,3,252000
Xavier Crawford,Chicago Bears,NFC North,64,CB,24,2,881306
Tae Hayes,Miami Dolphins,AFC East,64,CB,23,1,165600
Logan Thomas,Washington Commanders,NFC East,64,TE,29,6,8021667
Tommylee Lewis,New Orleans Saints,NFC South,64,WR,27,4,252000
DeeJay Dallas,Seattle Seahawks,NFC West,64,HB,21,0,947350
Trey Edmunds,Pittsburgh Steelers,AFC North,64,HB,25,3,252000
Cody Hollister,Tennessee Titans,AFC South,64,WR,26,2,165600
Aviante Collins,Minnesota Vikings,NFC North,64,LT,27,3,165600
Josh Tupou,Cincinnati Bengals,AFC North,64,DT,26,3,2133000
Dylan Cantrell,St. Louis Cardinals,NFC West,64,TE,26,2,780000
Emeke Egbule,Los Angeles Chargers,AFC West,64,LOLB,23,1,203622
Matt Barkley,Buffalo Bills,AFC East,64,QB,29,7,252000
Daniel Brown,New York Jets,AFC East,64,TE,28,5,252000
Cameron Clark,New York Jets,AFC East,64,LG,22,0,996498
Reggie Ragland,Detroit Lions,NFC North,64,MLB,26,4,1127500
Billy Turner,Green Bay Packers,NFC North,64,RG,28,6,7000000
Sean Chandler,New York Giants,NFC East,64,FS,24,2,920000
Kenny Young,Los Angeles Rams,NFC West,64,MLB,24,2,774975
Ken Webster,Miami Dolphins,AFC East,64,CB,24,1,165600
Tevaughn Campbell,Los Angeles Chargers,AFC West,64,CB,27,2,907500
Cameron Malveaux,Washington Commanders,NFC East,64,LE,25,4,214044
Tyler Conklin,Minnesota Vikings,NFC North,64,TE,25,2,685258
Kentavius Street,San Francisco 49ers,NFC West,64,DT,24,2,767550
Isaiah Hodgins,Buffalo Bills,AFC East,64,WR,21,0,165600
Mike Love,Buffalo Bills,AFC East,64,RE,26,2,887500
Tommy Sweeney,Buffalo Bills,AFC East,64,TE,25,1,654138
Justin Strnad,Denver Broncos,AFC West,64,MLB,24,0,883194
Nick Harris,Cleveland Browns,AFC North,64,C,21,0,902412
Rashard Lawrence,St. Louis Cardinals,NFC West,64,RE,21,0,994771
K.J. Hill,Los Angeles Chargers,AFC West,64,WR,22,0,165600
Gehrig Dieter,Kansas Chiefs,AFC West,64,WR,27,4,895000
Dezmon Patmon,Indianapolis Colts,AFC South,64,WR,22,0,856103
Austin Jackson,Miami Dolphins,AFC East,64,LT,21,0,3410088
Taysom Hill,New Orleans Saints,NFC South,64,QB,30,3,10000000
Jeff Smith,New York Jets,AFC East,64,WR,23,1,780000
Tyler Larsen,Carolina Panthers,NFC South,64,C,29,5,1040000
Austin Corbett,Los Angeles Rams,NFC West,64,LG,24,2,1879599
Kindle Vildor,Chicago Bears,NFC North,64,CB,22,0,901418
Kevin Peterson,St. Louis Cardinals,NFC West,64,CB,26,4,256222
Lil'Jordan Humphrey,New Orleans Saints,NFC South,64,WR,22,1,850000
Dennis Kelly,Tennessee Titans,AFC South,64,RT,30,8,1325000
Drew Forbes,Cleveland Browns,AFC North,64,LG,23,1,672334
Colby Gossett,Cleveland Browns,AFC North,64,RG,25,3,577500
Lucas Niang,Kansas Chiefs,AFC West,64,RT,22,0,1094604
Brandon Powell,Atlanta Falcons,NFC South,64,WR,24,2,920000
Brett Hundley,St. Louis Cardinals,NFC West,64,QB,27,5,252000
Shaquille Quarterman,Jacksonville Jaguars,AFC South,64,MLB,22,0,947350
Hunter Bryant,Detroit Lions,NFC North,64,TE,22,0,768333
Bravvion Roy,Carolina Panthers,NFC South,64,DT,23,0,872243
Brandon Parker,Las Vegas Raiders,AFC West,64,LT,24,2,1023834
Natrell Jamerson,Carolina Panthers,NFC South,64,SS,24,2,252000
Ben Bredeson,Baltimore Ravens,AFC North,64,LG,22,0,947350
Armani Watts,Kansas Chiefs,AFC West,64,FS,24,2,780308
Brandon Shell,Seattle Seahawks,NFC West,64,RT,28,4,4500000
Jordan Scarlett,Carolina Panthers,NFC South,64,HB,24,1,165600
James Lynch,Minnesota Vikings,NFC North,64,DT,21,0,996498
Kenny Willekes,Minnesota Vikings,NFC North,64,LE,23,0,742500
Jauan Jennings,San Francisco 49ers,NFC West,63,WR,23,0,660000
Mike Thomas,Cincinnati Bengals,AFC North,63,WR,26,4,1015000
Pharaoh Brown,Cleveland Browns,AFC North,63,TE,26,3,1600000
Khalil Davis,Tampa Bay Buccaneers,NFC South,63,LE,24,0,895000
Tyler Biadasz,Dallas Cowboys,NFC East,63,C,22,0,947350
Shaun Bradley,Philadelphia Eagles,NFC East,63,LOLB,23,0,866605
Anthony Rush,Philadelphia Eagles,NFC East,63,DT,24,1,850000
Christian Blake,Atlanta Falcons,NFC South,63,WR,24,1,850000
Eric Tomlinson,New York Giants,NFC East,63,TE,28,5,990000
Arthur Maulet,New York Jets,AFC East,63,CB,27,3,990000
Isaiah Rodgers,Indianapolis Colts,AFC South,63,CB,22,0,860031
Javaris Davis,Kansas Chiefs,AFC West,63,CB,23,0,193067
Nate Brooks,Miami Dolphins,AFC East,63,CB,23,1,165600
Olasunkanmi Adeniyi,Pittsburgh Steelers,AFC North,63,ROLB,22,2,1000000
Azeez Al-Shaair,San Francisco 49ers,NFC West,63,ROLB,23,1,590000
Alex Barrett,San Francisco 49ers,NFC West,63,RE,26,4,825000
James Vaughters,Chicago Bears,NFC North,63,LOLB,27,3,907500
Cortez Broughton,Los Angeles Chargers,AFC West,63,DT,24,1,895000
Jack Driscoll,Philadelphia Eagles,NFC East,63,RG,23,0,947350
Joe Ostman,Philadelphia Eagles,NFC East,63,LE,25,2,837500
Ben Bartch,Jacksonville Jaguars,AFC South,63,LT,22,0,1014653
Ty Summers,Green Bay Packers,NFC North,63,MLB,24,1,654476
Brandon Zylstra,Carolina Panthers,NFC South,63,WR,27,2,920000
Nsimba Webster,Los Angeles Rams,NFC West,63,WR,24,1,965000
Patrick Mekari,Baltimore Ravens,AFC North,63,C,23,1,5150000
Kamren Curl,Washington Commanders,NFC East,63,SS,21,0,852082
De'Vante Bausby,Denver Broncos,AFC West,63,CB,27,5,252000
Chris Westry,Dallas Cowboys,NFC East,63,CB,23,1,660000
Tim Harris,San Francisco 49ers,NFC West,63,CB,25,1,165600
Freddie Swain,Seattle Seahawks,NFC West,63,WR,22,0,856103
Reggie Bonnafon,Carolina Panthers,NFC South,63,HB,24,2,165600
Kevin Givens,San Francisco 49ers,NFC West,63,DT,23,1,535000
J.P. Holtz,Chicago Bears,NFC North,63,TE,27,2,850000
T.J. Edwards,Philadelphia Eagles,NFC East,63,MLB,24,1,2150000
Casey Toohill,Philadelphia Eagles,NFC East,63,RE,24,0,846758
Mason Rudolph,Pittsburgh Steelers,AFC North,63,QB,25,2,4985199
Chase Daniel,Detroit Lions,NFC North,63,QB,33,11,1075000
Jonah Jackson,Detroit Lions,NFC North,63,RG,23,0,1187202
Marcus Allen,Pittsburgh Steelers,AFC North,63,FS,24,2,850000
Andrew Wingard,Jacksonville Jaguars,AFC South,63,SS,23,1,586667
Trey Marshall,Denver Broncos,AFC West,63,SS,24,2,920000
Jordan Fuller,Los Angeles Rams,NFC West,63,SS,22,0,866427
Ryan Neal,Seattle Seahawks,NFC West,63,CB,24,2,920000
Carl Granderson,New Orleans Saints,NFC South,63,LE,23,1,590000
Jordan Brown,Las Vegas Raiders,AFC West,63,CB,24,2,165600
Elijah Holyfield,Philadelphia Eagles,NFC East,63,HB,22,1,165600
Larrell Murchison,Tennessee Titans,AFC South,63,RE,23,0,893186
Rashod Hill,Minnesota Vikings,NFC North,63,RT,28,4,2377500
Markus Bailey,Cincinnati Bengals,AFC North,63,MLB,23,0,852174
Jason Moore,Los Angeles Chargers,AFC West,63,WR,25,1,895000
E.J. Speed,Indianapolis Colts,AFC South,63,LOLB,25,1,702349
Julie'n Davenport,Miami Dolphins,AFC East,63,LT,25,3,1127500
Jacob Eason,Indianapolis Colts,AFC South,63,QB,22,0,1006816
Woodrow Hamilton,Carolina Panthers,NFC South,63,DT,27,4,165600
Denzelle Good,Las Vegas Raiders,AFC West,63,RG,29,5,4180000
Marcus Epps,Philadelphia Eagles,NFC East,63,FS,24,1,672189
Dallin Leavitt,Las Vegas Raiders,AFC West,63,SS,26,2,850000
Charles Washington,St. Louis Cardinals,NFC West,63,FS,27,4,1127500
Kevin Dotson,Pittsburgh Steelers,AFC North,63,LG,23,0,988453
Tuzar Skipper,Pittsburgh Steelers,AFC North,63,LOLB,25,1,165600
Charlie Woerner,San Francisco 49ers,NFC West,63,TE,22,0,869008
Mason Cole,St. Louis Cardinals,NFC West,63,C,24,2,805379
Jalen Guyton,Los Angeles Chargers,AFC West,63,WR,23,1,585000
Robert Windsor,Indianapolis Colts,AFC South,63,DT,23,0,660000
Justin Hamilton,Dallas Cowboys,NFC East,63,DT,27,5,920000
Joe Jackson,Dallas Cowboys,NFC East,63,RE,23,1,165600
Prince Tega Wanogho,Philadelphia Eagles,NFC East,63,LT,22,0,742500
Will Grier,Carolina Panthers,NFC South,63,QB,25,1,963249
Oday Aboushi,Detroit Lions,NFC North,63,RG,29,7,1600000
Byron Cowart,New England Patriots,AFC East,63,DT,23,1,705149
Jordan Brailford,Washington Commanders,NFC East,63,LE,24,1,165600
Trayvon Henderson,Cincinnati Bengals,AFC North,63,SS,25,2,895000
James Smith-Williams,Washington Commanders,NFC East,63,RE,23,0,848175
Duke Shelley,Chicago Bears,NFC North,63,CB,23,1,661960
Davion Davis,Minnesota Vikings,NFC North,63,WR,23,2,895000
Demone Harris,Kansas Chiefs,AFC West,62,LE,24,2,1035000
Alex Singleton,Philadelphia Eagles,NFC East,62,MLB,26,2,850000
Logan Stenberg,Detroit Lions,NFC North,62,LG,23,0,1009161
Omar Bayless,Carolina Panthers,NFC South,62,WR,23,0,705000
Jamarco Jones,Seattle Seahawks,NFC West,62,LT,24,2,676251
Ulysees Gilbert III,Pittsburgh Steelers,AFC North,62,MLB,23,1,661960
Daniel Brunskill,San Francisco 49ers,NFC West,62,RT,26,3,850000
Jesper Horsted,Chicago Bears,NFC North,62,TE,23,1,780000
Joe Haeg,Tampa Bay Buccaneers,NFC South,62,RT,27,4,2300000
Jordan Glasgow,Indianapolis Colts,AFC South,62,ROLB,24,0,856103
Skai Moore,Indianapolis Colts,AFC South,62,MLB,25,2,577500
Austin Edwards,Atlanta Falcons,NFC South,62,LE,23,0,705000
Keith Smith,Atlanta Falcons,NFC South,62,FB,28,6,1453333
Joshua Dobbs,Jacksonville Jaguars,AFC South,62,QB,25,3,1040000
Easton Stick,Los Angeles Chargers,AFC West,62,QB,23,1,699655
Tyler Shatley,Jacksonville Jaguars,AFC South,62,LG,29,6,2400000
Brian Hoyer,New England Patriots,AFC East,62,QB,34,11,1075000
Kevin Strong,Detroit Lions,NFC North,62,DT,24,1,907500
Chris Board,Baltimore Ravens,AFC North,62,MLB,25,2,1683000
Saahdiq Charles,Washington Commanders,NFC East,62,LT,21,0,1023592
J.T. Gray,New Orleans Saints,NFC South,62,SS,24,2,2000000
Cornell Armstrong,Houston Texans,AFC South,62,CB,24,2,990000
Parnell Motley,Tampa Bay Buccaneers,NFC South,62,CB,22,0,165600
Craig James,Philadelphia Eagles,NFC East,62,CB,24,2,252000
Jamil Douglas,Tennessee Titans,AFC South,62,RG,28,5,920000
Pat O'Connor,Tampa Bay Buccaneers,NFC South,62,RE,26,3,920000
Trent Harris,Miami Dolphins,AFC East,62,LOLB,24,1,965000
Jake Fromm,Buffalo Bills,AFC East,62,QB,22,0,780000
Michael Onwenu,New England Patriots,AFC East,62,RG,22,0,874367
Thaddeus Moss,Washington Commanders,NFC East,62,TE,22,0,705000
Garrett Griffin,New Orleans Saints,NFC South,62,TE,26,4,850000
Antonio Hamilton,Kansas Chiefs,AFC West,62,CB,27,4,990000
Kris Boyd,Minnesota Vikings,NFC North,62,CB,23,1,657419
Danny Johnson,Washington Commanders,NFC East,62,CB,24,2,660000
Raymond Calais,Tampa Bay Buccaneers,NFC South,62,HB,22,0,761667
Daniel Ekuale,Cleveland Browns,AFC North,62,DT,26,2,1110000
Darrell Daniels,St. Louis Cardinals,NFC West,62,TE,25,3,1127500
Blake Bell,Dallas Cowboys,NFC East,62,TE,29,5,1127500
Frank Herron,Detroit Lions,NFC North,62,LE,26,2,185222
John Penisini,Detroit Lions,NFC North,62,DT,23,0,866544
Tashawn Bower,New England Patriots,AFC East,62,LOLB,25,4,920000
Ross Pierschbacher,Washington Commanders,NFC East,62,C,25,1,895000
Chris Milton,Tennessee Titans,AFC South,62,CB,27,4,252000
Devine Ozigbo,Jacksonville Jaguars,AFC South,62,HB,23,1,990000
Eli Ankou,Cleveland Browns,AFC North,62,DT,26,3,1035000
Edmond Robinson,Atlanta Falcons,NFC South,62,LOLB,28,4,252000
Blaine Gabbert,Tampa Bay Buccaneers,NFC South,62,QB,30,9,2000000
Jamal Agnew,Detroit Lions,NFC North,62,WR,25,3,4750000
Kamal Martin,Green Bay Packers,NFC North,62,MLB,22,0,837500
Otaro Alaka,Baltimore Ravens,AFC North,62,MLB,24,1,588333
C.J. Moore,Detroit Lions,NFC North,62,FS,24,1,587333
Will Redmond,Green Bay Packers,NFC North,62,FS,26,4,1035000
Donald Parham,Los Angeles Chargers,AFC West,61,TE,23,0,695000
Shane Lemieux,New York Giants,NFC East,61,LG,23,0,910535
Chris Slayton,New York Giants,NFC East,61,LE,24,2,705000
Jarrett Stidham,New England Patriots,AFC East,61,QB,24,1,789028
Jonathan Garvin,Green Bay Packers,NFC North,61,ROLB,21,0,843571
Jamal Carter,Atlanta Falcons,NFC South,61,SS,26,3,895000
Jake Gervase,Los Angeles Rams,NFC West,61,FS,24,1,837500
Nigel Warrior,Baltimore Ravens,AFC North,61,SS,23,0,660000
Brandon Wilson,Cincinnati Bengals,AFC North,61,FS,26,3,2062500
Jonathan Harris,Denver Broncos,AFC West,61,LE,24,1,895000
Quinton Bell,Tampa Bay Buccaneers,NFC South,61,LE,24,2,825000
Tanner Hudson,Tampa Bay Buccaneers,NFC South,61,TE,25,2,1035000
Jaeden Graham,Atlanta Falcons,NFC South,61,TE,24,2,850000
Jeff Driskel,Denver Broncos,AFC West,61,QB,27,4,990000
Curtis Bolton,Green Bay Packers,NFC North,61,MLB,24,1,837500
Olisaemeka Udoh,Minnesota Vikings,NFC North,61,RT,23,1,671900
Colton McKivitz,San Francisco 49ers,NFC West,61,RG,24,0,780000
Jalen Jelks,Dallas Cowboys,NFC East,61,LE,24,1,675000
A.J. McCarron,Houston Texans,AFC South,61,QB,29,6,1212500
Jared Norris,Washington Commanders,NFC East,61,MLB,27,4,990000
Carlos Davis,Pittsburgh Steelers,AFC North,61,LE,24,0,847126
Vernon Scott,Green Bay Packers,NFC North,61,FS,22,0,844672
Nick Dzubnar,Tennessee Titans,AFC South,61,MLB,29,5,1115000
Andrew Beck,Denver Broncos,AFC West,61,TE,24,1,590000
Stephen Carlson,Cleveland Browns,AFC North,61,TE,23,1,850000
Danny Pinter,Indianapolis Colts,AFC South,61,RG,24,0,910924
Tae Crowder,New York Giants,NFC East,61,MLB,23,0,842623
Colt McCoy,New York Giants,NFC East,61,QB,33,10,1212500
Tipa Galeai,Green Bay Packers,NFC North,61,LOLB,23,0,742500
Nick Scott,Los Angeles Rams,NFC West,61,FS,25,1,649332
Keisean Nixon,Las Vegas Raiders,AFC West,61,CB,23,1,590000
Chris Jackson,Tennessee Titans,AFC South,61,CB,22,0,843320
Abdullah Anderson,Chicago Bears,NFC North,61,RE,24,2,165600
Michael Jordan,Cincinnati Bengals,AFC North,61,LG,22,1,907500
Antony Auclair,Tampa Bay Buccaneers,NFC South,61,TE,27,3,990000
Joe Gaziano,Los Angeles Chargers,AFC West,61,RE,23,0,837500
Deon Yelder,Kansas Chiefs,AFC West,61,TE,25,2,1035000
Tyler Davis,Jacksonville Jaguars,AFC South,61,TE,23,0,837500
Hjalte Froholdt,New England Patriots,AFC East,61,LG,24,1,165600
Marquise Copeland,Los Angeles Rams,NFC West,61,LE,23,1,742500
Keith Ismael,Washington Commanders,NFC East,61,C,22,0,780000
Roderick Johnson,Houston Texans,AFC South,61,RT,24,3,252000
Jessie Lemonier,Los Angeles Chargers,AFC West,60,RE,23,0,780000
Yodny Cajuste,New England Patriots,AFC East,60,LT,24,1,870545
Emmanuel Ellerbee,Seattle Seahawks,NFC West,60,ROLB,23,2,780000
Stephen Sullivan,Seattle Seahawks,NFC West,60,WR,23,0,742500
Chris Cooper,Atlanta Falcons,NFC South,60,FS,26,3,705000
Rodney Clemons,Kansas Chiefs,AFC West,60,SS,23,0,787500
Mazzi Wilkins,Tampa Bay Buccaneers,NFC South,60,CB,24,1,165600
Chris Claybrooks,Jacksonville Jaguars,AFC South,60,CB,23,0,849347
Tavierre Thomas,Cleveland Browns,AFC North,60,CB,24,2,2000000
Dakota Dozier,Minnesota Vikings,NFC North,60,LG,29,6,1075000
Isaiah Prince,Cincinnati Bengals,AFC North,60,RT,23,1,667580
Josh Watson,Denver Broncos,AFC West,60,MLB,25,1,895000
Noah Dawkins,Tampa Bay Buccaneers,NFC South,60,MLB,23,1,895000
Jacob Tuioti-Mariner,Atlanta Falcons,NFC South,60,DT,24,2,907500
Cam Brown,New York Giants,NFC East,60,MLB,22,0,873341
Brandon King,New England Patriots,AFC East,60,ROLB,27,5,1750000
Calvin Throckmorton,New Orleans Saints,NFC South,60,RG,24,0,742500
Robert Spillane,Pittsburgh Steelers,AFC North,60,MLB,24,2,850000
Chris Williamson,New York Giants,NFC East,60,CB,23,0,882500
Sam Tevi,Los Angeles Chargers,AFC West,60,RT,25,3,2510000
Luke Gifford,Dallas Cowboys,NFC East,60,MLB,25,1,586667
Danny Isidora,Miami Dolphins,AFC East,60,RG,26,3,252000
Solomon Kindley,Miami Dolphins,AFC East,60,LG,23,0,1019893
Bruce Hector,Philadelphia Eagles,NFC East,60,DT,25,2,965000
Josh Andrews,New York Jets,AFC East,60,LG,29,6,1127500
James Morgan,New York Jets,AFC East,60,QB,23,0,165600
Charlie Heck,Houston Texans,AFC South,60,LT,23,0,1001426
DeAndre Houston-Carson,Chicago Bears,NFC North,60,FS,27,4,1127500
Joshua Kalu,Tennessee Titans,AFC South,60,FS,25,2,920000
Jalen Davis,St. Louis Cardinals,NFC West,60,CB,24,2,1035000
Jordan Franks,Cincinnati Bengals,AFC North,60,TE,24,3,825000
Kyle Peko,Denver Broncos,AFC West,60,DT,27,3,990000
Gunner Olszewski,New England Patriots,AFC East,60,WR,23,1,585833
Caleb Wilson,Washington Commanders,NFC East,60,TE,24,1,165600
Hakeem Adeniji,Cincinnati Bengals,AFC North,60,RG,22,0,876722
Mason Schreck,Cincinnati Bengals,AFC North,60,TE,26,3,252000
Tyrie Cleveland,Denver Broncos,AFC West,60,WR,22,0,837500
Jashon Cornell,Detroit Lions,NFC North,60,DT,23,0,844883
Johnny Mundt,Los Angeles Rams,NFC West,60,TE,25,3,920000
Chauncey Rivers,Baltimore Ravens,AFC North,60,LOLB,23,0,660000
Greg Mancz,Houston Texans,AFC South,60,C,28,5,990000
Craig Reynolds,Atlanta Falcons,NFC South,60,HB,24,2,907500
Kyle Hinton,Minnesota Vikings,NFC North,60,LG,22,0,705000
Jason Spriggs,Chicago Bears,NFC North,59,RT,26,4,990000
Freedom Akinmoladun,Cincinnati Bengals,AFC North,59,DT,24,1,165600
Wyatt Ray,New York Jets,AFC East,59,LOLB,23,2,695000
Chris Reed,Carolina Panthers,NFC South,59,C,28,5,1127500
Will Holden,Baltimore Ravens,AFC North,59,RT,26,4,920000
Will Clapp,New Orleans Saints,NFC South,59,C,23,2,252000
Lafayette Pitts,Indianapolis Colts,AFC South,59,CB,27,4,252000
Shon Coleman,San Francisco 49ers,NFC West,59,LT,28,4,1035000
Rashaad Coward,Chicago Bears,NFC North,59,RT,25,3,1140000
Chad Henne,Kansas Chiefs,AFC West,59,QB,35,12,1625000
Bryan Mone,Seattle Seahawks,NFC West,59,DT,24,1,850000
Zach Banner,Pittsburgh Steelers,AFC North,59,RT,26,3,4750000
Kareem Orr,Tennessee Titans,AFC South,59,CB,23,2,952500
Breon Borders,Pittsburgh Steelers,AFC North,59,CB,25,4,1035000
Jace Whittaker,St. Louis Cardinals,NFC West,59,CB,25,0,267999
Derrek Tuszka,Denver Broncos,AFC West,59,LOLB,24,0,837500
Chapelle Russell,Tampa Bay Buccaneers,NFC South,59,MLB,23,0,695000
Adam Redmond,Dallas Cowboys,NFC East,59,LG,27,4,165600
Jake Hanson,Green Bay Packers,NFC North,59,C,23,0,660000
Chris Lammons,Kansas Chiefs,AFC West,59,CB,24,3,727500
Max Garcia,St. Louis Cardinals,NFC West,59,RG,28,5,1127500
Matt Pryor,Philadelphia Eagles,NFC East,59,LG,25,2,648196
Jake Luton,Jacksonville Jaguars,AFC South,59,QB,24,0,895000
Lucas Patrick,Green Bay Packers,NFC North,59,RG,27,4,1500000
Natrez Patrick,Los Angeles Rams,NFC West,59,LOLB,23,1,850000
Kaden Elliss,New Orleans Saints,NFC South,59,MLB,25,1,649151
Peter Kalambayi,Houston Texans,AFC South,59,MLB,25,2,252000
Ryan Nall,Chicago Bears,NFC North,59,HB,24,2,850000
Brandon Dillon,Minnesota Vikings,NFC North,59,TE,23,2,882500
Willie Harvey,Cleveland Browns,AFC North,59,MLB,24,1,825000
Cole Christiansen,Los Angeles Chargers,AFC West,59,MLB,23,0,895000
Nick Allegretti,Kansas Chiefs,AFC West,59,C,24,1,665363
B.J. Bello,New York Jets,AFC East,59,MLB,25,3,990000
Tyrell Adams,Houston Texans,AFC South,59,MLB,28,3,990000
Matt Dickerson,Tennessee Titans,AFC South,59,DT,24,2,965000
Robert Jackson,Cleveland Browns,AFC North,59,CB,23,2,165600
Corey Levin,Chicago Bears,NFC North,58,C,26,3,977500
Lachavious Simmons,Chicago Bears,NFC North,58,RG,23,0,695000
Montrel Meander,Cleveland Browns,AFC North,58,ROLB,25,3,850000
Jordan Mailata,Philadelphia Eagles,NFC East,58,RT,23,2,16000000
David Sharpe,Las Vegas Raiders,AFC West,58,RT,24,3,990000
Jamil Demby,Los Angeles Rams,NFC West,58,LG,24,2,850000
Clay Johnston,Los Angeles Rams,NFC West,58,MLB,24,0,825000
David Quessenberry,Tennessee Titans,AFC South,58,LT,30,4,762500
Linden Stephens,Seattle Seahawks,NFC West,58,CB,25,2,895000
Dennis Gardeck,St. Louis Cardinals,NFC West,58,MLB,26,2,3384000
Beau Benzschawel,Detroit Lions,NFC North,58,C,24,1,165600
Travin Howard,Los Angeles Rams,NFC West,58,MLB,24,2,780000
Blake Brandel,Minnesota Vikings,NFC North,58,RG,23,0,742500
Buddy Howell,Houston Texans,AFC South,58,HB,24,2,920000
Austin Fort,Denver Broncos,AFC West,58,TE,25,1,787500
Brandon Knight,Dallas Cowboys,NFC East,58,RT,23,1,586667
Jermaine Eluemunor,New England Patriots,AFC East,58,LG,25,3,990000
Saivion Smith,Dallas Cowboys,NFC East,58,CB,22,1,165600
Arlington Hambright,Chicago Bears,NFC North,58,LT,24,0,825000
Mike Glennon,Jacksonville Jaguars,AFC South,58,QB,30,7,1375000
Zach Gentry,Pittsburgh Steelers,AFC North,58,TE,23,1,716115
Justin Herron,New England Patriots,AFC East,58,LT,24,0,866867
Tyler Huntley,Baltimore Ravens,AFC North,58,QB,22,0,780000
Elijah Nkansah,Houston Texans,AFC South,58,RT,24,2,705000
Sean Harlow,Atlanta Falcons,NFC South,57,RG,25,4,907500
Tim Boyle,Green Bay Packers,NFC North,57,QB,25,2,2400000
Chandler Brewer,Los Angeles Rams,NFC West,57,RG,23,1,165600
Jordan Simmons,Seattle Seahawks,NFC West,57,RG,26,3,850000
Koda Martin,Los Angeles Chargers,AFC West,57,RG,25,1,705000
Greg Senat,Kansas Chiefs,AFC West,57,LT,25,2,850000
T.J. Brunson,New York Giants,NFC East,57,MLB,22,0,844238
Ben DiNucci,Dallas Cowboys,NFC East,57,QB,23,0,882500
Jeremiah Kolone,Los Angeles Rams,NFC West,57,RG,25,3,787500
Derwin Gray,Pittsburgh Steelers,AFC North,57,LT,25,2,882500
Darryl Williams,Kansas Chiefs,AFC West,57,C,23,0,165600
Christian Rozeboom,Los Angeles Rams,NFC West,57,MLB,23,0,742500
Cameron Tom,New Orleans Saints,NFC South,57,C,25,3,252000
Daniel Helm,San Francisco 49ers,NFC West,57,TE,25,1,965000
Alex Ellis,Philadelphia Eagles,NFC East,57,TE,27,4,965000
Nate Sudfeld,Philadelphia Eagles,NFC East,57,QB,26,4,257200
Kendall Blanton,Los Angeles Rams,NFC West,57,TE,24,1,837500
Alex Bars,Chicago Bears,NFC North,56,LG,24,1,850000
Le'Raven Clark,Indianapolis Colts,AFC South,56,LT,27,4,1100000
Mitch Hyatt,Dallas Cowboys,NFC East,56,LT,23,1,585000
Nick Gates,New York Giants,NFC East,56,RG,24,2,3412500
Jake Brendel,San Francisco 49ers,NFC West,56,C,27,4,990000
Austin Schlottmann,Denver Broncos,AFC West,56,C,24,2,850000
Zack Bailey,Tampa Bay Buccaneers,NFC South,56,LG,24,1,825000
Joshua Miles,St. Louis Cardinals,NFC West,56,LT,24,1,648644
Yasir Durant,Kansas Chiefs,AFC West,56,LT,22,0,765000
Geno Smith,Seattle Seahawks,NFC West,56,QB,29,7,1212500
David Blough,Detroit Lions,NFC North,56,QB,25,1,762500
Ryan Bates,Buffalo Bills,AFC East,56,LT,23,1,586667
Cohl Cabral,Los Angeles Rams,NFC West,56,C,22,0,165600
Jordan Roos,Seattle Seahawks,NFC West,56,RG,27,3,165600
Josh Woods,Chicago Bears,NFC North,56,MLB,24,2,1550000
Yosuah Nijman,Green Bay Packers,NFC North,56,LT,24,1,850000
Temarrick Hemingway,Carolina Panthers,NFC South,56,TE,27,4,252000
C.J. Beathard,San Francisco 49ers,NFC West,56,QB,26,3,2500000
Kyle Murphy,Houston Texans,AFC South,56,RT,26,5,695000
Korey Cunningham,New England Patriots,AFC East,56,RT,25,2,920000
Trystan Colon-Castillo,Baltimore Ravens,AFC North,56,C,22,0,780000
Adam Pankey,Miami Dolphins,AFC East,55,LG,26,3,1035000
Malcolm Perry,Miami Dolphins,AFC East,55,WR,23,0,880000
Conor McDermott,New York Jets,AFC East,55,LT,27,3,1350000
Anthony Gordon,Seattle Seahawks,NFC West,55,QB,23,0,165600
Kurt Benkert,Atlanta Falcons,NFC South,55,QB,25,2,705000
Rick Leonard,Houston Texans,AFC South,55,RT,23,3,682500
John Molchon,Tampa Bay Buccaneers,NFC South,55,RG,23,0,787500
Storm Norton,Los Angeles Chargers,AFC West,55,RT,26,3,695000
Ryan Hunter,Kansas Chiefs,AFC West,55,RG,25,2,165600
Rico Gafford,Las Vegas Raiders,AFC West,55,WR,24,2,165600
Ethan Wolf,Los Angeles Rams,NFC West,55,TE,24,3,705000
Charley Hughlett,Cleveland Browns,AFC North,55,TE,30,6,1061667
Jake Eldrenkamp,Indianapolis Colts,AFC South,55,LG,26,3,895000
Keaton Sutherland,Miami Dolphins,AFC East,55,C,23,1,203622
Ethan Greenidge,New Orleans Saints,NFC South,55,RT,22,1,587500
Jeremy Reaves,Washington Commanders,NFC East,55,FS,24,2,907500
Brett Rypien,Denver Broncos,AFC West,55,QB,24,2,850000
Christian DiLauro,Pittsburgh Steelers,AFC North,55,RG,25,3,787500
Calvin Anderson,Denver Broncos,AFC West,55,LT,24,1,850000
John Wolford,Los Angeles Rams,NFC West,55,QB,24,0,630000
Fred Johnson,Cincinnati Bengals,AFC North,54,RG,23,1,590000
Trace McSorley,Baltimore Ravens,AFC North,54,QB,25,1,907500
Jackson Barton,Kansas Chiefs,AFC West,54,LT,25,1,850000
Dan Skipper,Detroit Lions,NFC North,54,RT,25,3,895000
Aaron Brewer,Tennessee Titans,AFC South,54,C,22,0,765000
Cole Toner,Los Angeles Chargers,AFC West,54,C,26,5,920000
Brian Lewerke,New England Patriots,AFC East,54,QB,23,0,165600
Daniel Munyer,Tennessee Titans,AFC South,54,C,28,5,252000
John Leglue,Green Bay Packers,NFC North,54,LT,24,1,742500
Sean Mannion,Minnesota Vikings,NFC North,54,QB,28,5,990000
Clayton Thorson,Dallas Cowboys,NFC East,54,QB,24,2,165600
Andre James,Las Vegas Raiders,AFC West,53,C,23,1,4325000
Jake Browning,Minnesota Vikings,NFC North,53,QB,24,0,193067
Aaron Stinnie,Tampa Bay Buccaneers,NFC South,53,C,26,2,1250000
Eric Smith,New York Giants,NFC East,53,LT,24,3,203622
Brett Toth,St. Louis Cardinals,NFC West,53,RT,24,1,945000
Nate Stanley,Minnesota Vikings,NFC North,53,QB,23,0,742500
Jaryd Jones-Smith,San Francisco 49ers,NFC West,53,RT,24,3,166799
Chaz Green,Indianapolis Colts,AFC South,53,RT,28,5,375000
Davis Webb,Buffalo Bills,AFC East,53,QB,25,4,945000
Ben Braden,New York Jets,AFC East,52,LG,26,4,165600
Cooper Rush,New York Giants,NFC East,52,QB,26,3,977500
Sam Mustipher,Chicago Bears,NFC North,52,C,24,2,695000
Timon Parris,Washington Commanders,NFC East,52,RT,24,2,165600
J.C. Hassenauer,Pittsburgh Steelers,AFC North,52,C,24,2,780000
Bryce Perkins,Los Angeles Rams,NFC West,52,QB,23,0,742500
Nate Herbig,Philadelphia Eagles,NFC East,51,C,22,1,589167
David Steinmetz,Houston Texans,AFC South,51,LT,25,2,233866
Nathan Peterman,Las Vegas Raiders,AFC West,51,QB,26,3,252000
Evan Brown,Cleveland Browns,AFC North,51,C,23,2,920000
Ike Boettger,Buffalo Bills,AFC East,51,LG,24,2,2133000
Alex Taylor,Cleveland Browns,AFC North,51,RT,23,0,825000
Kahlil McKenzie,Seattle Seahawks,NFC West,51,RG,23,3,965000
Coleman Shelton,Los Angeles Rams,NFC West,50,C,25,1,850000
Danny Etling,Atlanta Falcons,NFC South,48,QB,26,3,165600
Garrett Gilbert,Cleveland Browns,AFC North,48,QB,29,5,920000
Logan Woodside,Tennessee Titans,AFC South,47,QB,25,2,555000
Clark Harris,Cincinnati Bengals,AFC North,44,TE,36,12,1212500
Josh Harris,Atlanta Falcons,NFC South,43,TE,31,8,1075000
Nick Moore,Baltimore Ravens,AFC North,36,TE,27,0,660000
Tyler Ott,Seattle Seahawks,NFC West,36,TE,28,5,1110000
Reid Ferguson,Buffalo Bills,AFC East,35,TE,26,4,1078750
Jake McQuaide,Los Angeles Rams,NFC West,35,TE,32,9,1075000
Beau Brinkley,Tennessee Titans,AFC South,35,TE,30,8,1120000
Casey Kreiter,New York Giants,NFC East,33,TE,30,6,990000
Thomas Hennessy,New York Jets,AFC East,31,TE,26,3,1100000
James Winchester,Kansas Chiefs,AFC West,31,TE,31,5,890000
Patrick Scales,Chicago Bears,NFC North,30,TE,32,8,1127500
Rick Lovato,Philadelphia Eagles,NFC East,30,TE,27,5,1096667
Jacob Bobenmoyer,Denver Broncos,AFC West,28,TE,23,0,600000
Morgan Cox,Baltimore Ravens,AFC North,28,TE,34,11,1212500
Jon Weeks,Houston Texans,AFC South,28,TE,34,10,1272500
Blake Ferguson,Miami Dolphins,AFC East,27,TE,23,0,871363
Joe Cardona,New England Patriots,AFC East,26,TE,28,5,1077500
Zach Wood,New Orleans Saints,NFC South,26,TE,27,3,1195000
Matt Orzech,Jacksonville Jaguars,AFC South,25,TE,25,1,907500
Luke Rhodes,Indianapolis Colts,AFC South,24,TE,27,4,1212500
Trent Sieg,Las Vegas Raiders,AFC West,24,TE,24,2,1140833
Zach Triner,Tampa Bay Buccaneers,NFC South,23,TE,29,1,850000
