Team,Player Name,Overall Rating,Position,Annual Salary (in $)
Los Angeles Rams,Aaron Donald,99,RE,22500000
New England Patriots,Stephon Gilmore,99,CB,13000000
Carolina Panthers,Christian McCaffrey,99,HB,16015853
Kansas Chiefs,Patrick Mahomes,99,QB,45000000
New Orleans Saints,Michael Thomas,99,WR,19250000
New Orleans Saints,Michael Thomas,99,WR,1075000
Houston Texans,Michael Thomas,71,SS,19250000
Houston Texans,Michael Thomas,71,SS,1075000
St. Louis Cardinals,DeAndre Hopkins,98,WR,27250000
Houston Texans,J.J. Watt,98,LE,14000000
Dallas Cowboys,Zack Martin,98,RG,14000000
San Francisco 49ers,George Kittle,98,TE,15000000
Seattle Seahawks,Bobby Wagner,98,MLB,18000000
Seattle Seahawks,Russell Wilson,97,QB,35000000
Kansas Chiefs,Travis Kelce,97,TE,14312500
Chicago Bears,Khalil Mack,97,LOLB,23500000
Denver Broncos,Von Miller,97,LOLB,19083333
Atlanta Falcons,Julio Jones,97,WR,22000000
New Orleans Saints,Cameron Jordan,96,LE,17500000
Philadelphia Eagles,Fletcher Cox,96,DT,17100000
Kansas Chiefs,Tyreek Hill,96,WR,18000000
Green Bay Packers,David Bakhtiari,96,LT,23000000
Minnesota Vikings,Harrison Smith,95,SS,16000000
St. Louis Cardinals,Chandler Jones,95,LOLB,16500000
Baltimore Ravens,Calais Campbell,95,RE,8000000
New Orleans Saints,Terron Armstead,95,LT,13000000
Los Angeles Rams,Jalen Ramsey,94,CB,20000000
Green Bay Packers,Davante Adams,94,WR,14500000
Baltimore Ravens,Lamar Jackson,94,QB,2367913
Baltimore Ravens,Lamar Jackson,94,QB,825000
Baltimore Ravens,Lamar Jackson,94,QB,199733
Philadelphia Eagles,Jason Kelce,94,C,9000000
Indianapolis Colts,Quenton Nelson,94,LG,5972228
Dallas Cowboys,Amari Cooper,93,WR,20000000
Philadelphia Eagles,Brandon Brooks,93,RG,14050000
Kansas Chiefs,Tyrann Mathieu,93,SS,14000000
Baltimore Ravens,Ronnie Stanley,93,LT,19750000
Cleveland Browns,Myles Garrett,93,RE,25000000
Tennessee Titans,Derrick Henry,93,HB,12500000
Las Vegas Raiders,Rodney Hudson,93,C,10000000
New York Jets,Jamal Adams,92,SS,17500000
Buffalo Bills,Stefon Diggs,92,WR,14400000
San Francisco 49ers,Richard Sherman,92,CB,1350000
Tampa Bay Buccaneers,Mike Evans,92,WR,16500000
Dallas Cowboys,Ezekiel Elliott,92,HB,15000000
Kansas Chiefs,Chris Jones,92,DT,20000000
Kansas Chiefs,Chris Jones,92,DT,165600
Dallas Cowboys,Chris Jones,81,P,20000000
Dallas Cowboys,Chris Jones,81,P,165600
St. Louis Cardinals,Chris Jones,57,CB,20000000
St. Louis Cardinals,Chris Jones,57,CB,165600
New England Patriots,Devin McCourty,92,FS,11500000
Cleveland Browns,Nick Chubb,92,HB,12200000
San Francisco 49ers,Trent Williams,92,LT,23010000
Minnesota Vikings,Dalvin Cook,91,HB,12600000
New York Giants,Saquon Barkley,91,HB,7798688
Los Angeles Chargers,Joey Bosa,91,LE,27000000
Los Angeles Chargers,Keenan Allen,91,WR,20025000
New Orleans Saints,Ryan Ramczyk,91,RT,19200000
Minnesota Vikings,Michael Pierce,91,DT,9000000
Tennessee Titans,Kevin Byard,91,FS,14100000
Dallas Cowboys,Tyron Smith,91,LT,12200000
Las Vegas Raiders,Richie Incognito,90,LG,2120000
Minnesota Vikings,Adam Thielen,90,WR,16200000
Tampa Bay Buccaneers,Tom Brady,90,QB,25000000
Green Bay Packers,Aaron Jones,90,HB,12000000
Atlanta Falcons,Grady Jarrett,90,DT,17000000
Pittsburgh Steelers,Cameron Heyward,90,RE,16400000
Buffalo Bills,Tre'Davious White,90,CB,17250000
Denver Broncos,Justin Simmons,90,FS,15250000
Tampa Bay Buccaneers,Lavonte David,90,MLB,12500000
Green Bay Packers,Kenny Clark,90,DT,17500000
Green Bay Packers,Jaire Alexander,90,CB,3012684
Baltimore Ravens,Marlon Humphrey,89,CB,19500000
Green Bay Packers,Aaron Rodgers,89,QB,33500000
Los Angeles Rams,Cooper Kupp,89,WR,15750000
New Orleans Saints,Demario Davis,89,ROLB,9000000
San Francisco 49ers,Nick Bosa,89,RE,8387967
Cincinnati Bengals,Joe Mixon,89,HB,12000000
Cleveland Browns,Austin Hooper,89,TE,10500000
Atlanta Falcons,Alex Mack,89,C,4950000
Chicago Bears,Eddie Jackson,89,FS,14600000
Tampa Bay Buccaneers,Ali Marpet,89,LG,10825000
Philadelphia Eagles,Lane Johnson,89,RT,18000000
Minnesota Vikings,Danielle Hunter,89,LE,14400000
Minnesota Vikings,Eric Kendricks,89,MLB,10000000
Los Angeles Chargers,Bryan Bulaga,88,RT,10000000
New York Giants,Evan Engram,88,TE,2679637
Green Bay Packers,Za'Darius Smith,88,LOLB,16500000
St. Louis Cardinals,Patrick Peterson,88,CB,8000000
Chicago Bears,Akiem Hicks,88,LE,12000000
New England Patriots,Dont'a Hightower,88,MLB,8875000
Buffalo Bills,Micah Hyde,88,FS,9625000
Las Vegas Raiders,Josh Jacobs,88,HB,2983350
Seattle Seahawks,Tyler Lockett,88,WR,17250000
Miami Dolphins,Byron Jones,88,CB,16500000
Cincinnati Bengals,A.J. Green,88,WR,6000000
Cincinnati Bengals,A.J. Green,88,WR,742500
New Orleans Saints,Alvin Kamara,88,HB,15000000
San Francisco 49ers,Fred Warner,87,MLB,19045000
Indianapolis Colts,DeForest Buckner,87,DT,21000000
Jacksonville Jaguars,Brandon Linder,87,C,10340600
Cleveland Browns,Kareem Hunt,87,HB,6000000
Tampa Bay Buccaneers,Vita Vea,87,DT,17750000
Dallas Cowboys,La'el Collins,87,RT,10000000
Washington Commanders,Brandon Scherff,87,RG,18036000
Atlanta Falcons,Matt Ryan,87,QB,30000000
Philadelphia Eagles,Brandon Graham,87,LE,9250000
Pittsburgh Steelers,Stephon Tuitt,87,LE,12000000
Denver Broncos,Kareem Jackson,87,SS,5000000
Baltimore Ravens,Justin Tucker,87,K,5000000
Pittsburgh Steelers,Minkah Fitzpatrick,87,FS,4111942
Las Vegas Raiders,Trent Brown,87,RT,9000000
New Orleans Saints,Jared Cook,87,TE,4500000
Seattle Seahawks,Chris Carson,86,HB,5212500
Cleveland Browns,Joel Bitonio,86,LG,16000000
Los Angeles Rams,Robert Woods,86,WR,16250000
Baltimore Ravens,Mark Andrews,86,TE,14000000
Pittsburgh Steelers,T.J. Watt,86,LOLB,28002750
San Francisco 49ers,Arik Armstead,86,LE,17000000
Green Bay Packers,Adrian Amos,86,SS,9000000
Detroit Lions,Kenny Golladay,86,WR,18000000
Houston Texans,Deshaun Watson,86,QB,39000000
Detroit Lions,Trey Flowers,86,RE,18000000
Cleveland Browns,Denzel Ward,86,CB,7291339
Baltimore Ravens,Brandon Williams,86,DT,6000000
San Francisco 49ers,Kyle Juszczyk,86,FB,5400000
New Orleans Saints,Marshon Lattimore,86,CB,19400000
St. Louis Cardinals,Budda Baker,86,FS,14750000
Washington Commanders,Kendall Fuller,86,FS,10000000
Atlanta Falcons,Deion Jones,86,MLB,14250000
Los Angeles Rams,Johnny Hekker,86,P,2583333
Los Angeles Rams,Andrew Whitworth,86,LT,8500000
New Orleans Saints,Malcolm Jenkins,85,SS,8000000
New Orleans Saints,Marcus Williams,85,FS,10612000
Cleveland Browns,Jarvis Landry,85,WR,15100000
Indianapolis Colts,Ryan Kelly,85,C,12412500
Dallas Cowboys,Gerald McCoy,85,DT,1250000
Chicago Bears,Kyle Fuller,85,CB,9500000
Chicago Bears,Kyle Fuller,85,CB,920000
Seattle Seahawks,Kyle Fuller,54,C,9500000
Seattle Seahawks,Kyle Fuller,54,C,920000
Baltimore Ravens,Marcus Peters,85,CB,14000000
New England Patriots,Jason McCourty,85,CB,1212500
Denver Broncos,Phillip Lindsay,85,HB,3250000
Carolina Panthers,D.J. Moore,85,WR,2792829
San Francisco 49ers,Dee Ford,85,LE,7000000
San Francisco 49ers,Mike McGlinchey,85,RT,4585469
Los Angeles Chargers,Austin Ekeler,85,HB,6125000
Los Angeles Chargers,Linval Joseph,85,DT,8500000
Indianapolis Colts,Justin Houston,85,RE,2075000
New York Giants,Kevin Zeitler,85,RG,7500000
Buffalo Bills,Jordan Poyer,85,SS,9750000
Tampa Bay Buccaneers,Shaquil Barrett,85,ROLB,17000000
Los Angeles Chargers,Hunter Henry,85,TE,12500000
Las Vegas Raiders,Darren Waller,85,TE,7575001
Indianapolis Colts,Marlon Mack,85,HB,2000000
Indianapolis Colts,Darius Leonard,85,LOLB,19700000
New York Jets,C.J. Mosley,85,MLB,17000000
New England Patriots,Joe Thuney,85,LG,16000000
Houston Texans,Brandin Cooks,85,WR,16200000
Houston Texans,Laremy Tunsil,85,LT,22000000
Chicago Bears,Eddie Goldman,84,DT,10510000
Seattle Seahawks,Shaquill Griffin,84,CB,13333333
Green Bay Packers,Preston Smith,84,ROLB,10250000
Houston Texans,Justin Reid,84,FS,1015856
San Francisco 49ers,Raheem Mostert,84,HB,2900000
Tennessee Titans,Brett Kern,84,P,3183333
Philadelphia Eagles,Carson Wentz,84,QB,32000000
New England Patriots,David Andrews,84,C,4750000
Detroit Lions,Justin Coleman,84,CB,2250000
Dallas Cowboys,Dak Prescott,84,QB,40000000
Denver Broncos,Courtland Sutton,84,WR,15000000
Miami Dolphins,DeVante Parker,84,WR,10166667
Baltimore Ravens,Sam Koch,84,P,2475000
Tennessee Titans,Taylor Lewan,84,LT,16000000
Denver Broncos,A.J. Bouye,84,CB,3500000
Cincinnati Bengals,D.J. Reader,84,DT,13250000
Carolina Panthers,Robby Anderson,84,WR,14750000
Cincinnati Bengals,Tyler Boyd,83,WR,10750000
San Francisco 49ers,Tevin Coleman,83,HB,1100000
Jacksonville Jaguars,Leonard Fournette,83,HB,3250000
Jacksonville Jaguars,Andrew Norwell,83,LG,9000000
Washington Commanders,Tress Way,83,P,3312500
New Orleans Saints,Thomas Morstead,83,P,1075000
Chicago Bears,Roquan Smith,83,MLB,4619292
Baltimore Ravens,Jimmy Smith,83,CB,2500000
San Francisco 49ers,Jimmy Garoppolo,83,QB,27500000
San Francisco 49ers,Jimmie Ward,83,FS,9500000
Philadelphia Eagles,DeSean Jackson,83,WR,2000000
Atlanta Falcons,Calvin Ridley,83,WR,2725183
Pittsburgh Steelers,Joe Haden,83,CB,11000000
New England Patriots,Jonathan Jones,83,CB,7000000
Dallas Cowboys,Leighton Vander Esch,83,LOLB,2961946
Detroit Lions,Jamie Collins,83,LOLB,1075000
Tennessee Titans,Adoree' Jackson,83,CB,13000000
Kansas Chiefs,Frank Clark,83,RE,20800000
Jacksonville Jaguars,Yannick Ngakoue,83,RE,13000000
Detroit Lions,Frank Ragnow,83,C,13500000
Los Angeles Rams,Michael Brockers,83,LE,8000000
Washington Commanders,Da'Ron Payne,83,DT,3604590
Buffalo Bills,Cole Beasley,83,WR,7250000
Detroit Lions,Desmond Trufant,83,CB,1075000
Cincinnati Bengals,Carlos Dunlap,82,LE,6800000
Buffalo Bills,John Brown,82,WR,252000
Buffalo Bills,Mitch Morse,82,C,7062500
Miami Dolphins,Xavien Howard,82,CB,15050000
Indianapolis Colts,Malik Hooker,82,FS,920000
Pittsburgh Steelers,Alejandro Villanueva,82,LT,7000000
San Francisco 49ers,Kwon Alexander,82,LOLB,1127500
Minnesota Vikings,Kirk Cousins,82,QB,33000000
Detroit Lions,Kerryon Johnson,82,HB,252000
Indianapolis Colts,Braden Smith,82,RT,17500000
Philadelphia Eagles,Jason Peters,82,RG,1750000
Jacksonville Jaguars,Joe Schobert,82,MLB,10750000
Carolina Panthers,Donte Jackson,82,CB,1203132
Buffalo Bills,Devin Singletary,82,HB,974500
New England Patriots,James White,82,HB,2462500
Kansas Chiefs,Harrison Butker,82,K,4055000
Los Angeles Rams,Tyler Higbee,82,TE,7250000
Pittsburgh Steelers,Chris Boswell,82,K,4201500
San Francisco 49ers,Robbie Gould,82,K,3625000
Las Vegas Raiders,Lamarcus Joyner,82,CB,3000000
Dallas Cowboys,Chidobe Awuzie,82,CB,7250000
St. Louis Cardinals,Kenyan Drake,82,HB,5500000
Tampa Bay Buccaneers,Ryan Jensen,82,C,10500000
Philadelphia Eagles,Javon Hargrave,82,DT,13000000
New York Giants,Sterling Shepard,82,WR,10250000
Washington Commanders,Jonathan Allen,82,DT,18000000
New Orleans Saints,Sheldon Rankins,82,DT,5500000
Houston Texans,Benardrick McKinney,82,MLB,990000
Chicago Bears,Robert Quinn,82,ROLB,14000000
Buffalo Bills,Jerry Hughes,82,RE,10750000
Washington Commanders,Terry McLaurin,82,WR,961918
Pittsburgh Steelers,Mike Hilton,81,CB,6000000
Tennessee Titans,A.J. Brown,81,WR,1413092
San Francisco 49ers,Jaquiski Tartt,81,SS,1127500
Pittsburgh Steelers,James Conner,81,HB,1750000
Los Angeles Chargers,Mike Williams,81,WR,4937514
Dallas Cowboys,Jaylon Smith,81,MLB,990000
Philadelphia Eagles,Dallas Goedert,81,TE,14250000
Baltimore Ravens,Patrick Ricard,81,FB,3650000
Chicago Bears,Cody Whitehair,81,C,10250000
Buffalo Bills,Ed Oliver,81,DT,4918789
Denver Broncos,Bradley Chubb,81,ROLB,6817810
New York Jets,Marcus Maye,81,FS,10612000
Atlanta Falcons,Ricardo Allen,81,SS,1490000
Jacksonville Jaguars,Myles Jack,81,ROLB,14250000
Detroit Lions,Matt Prater,81,K,3250000
Detroit Lions,Danny Shelton,81,DT,1127500
Houston Texans,Whitney Mercilus,81,ROLB,1075000
Houston Texans,Kenny Stills,81,WR,1075000
Cincinnati Bengals,William Jackson III,81,CB,13500000
Kansas Chiefs,Sammy Watkins,81,WR,5000000
Washington Commanders,Landon Collins,81,SS,14000000
Dallas Cowboys,Michael Gallup,81,WR,880995
Jacksonville Jaguars,Josh Allen,81,LE,43000000
Jacksonville Jaguars,Josh Allen,81,LE,5685659
Buffalo Bills,Josh Allen,77,QB,43000000
Buffalo Bills,Josh Allen,77,QB,5685659
New England Patriots,Lawrence Guy,81,RE,2875000
Seattle Seahawks,K.J. Wright,81,ROLB,3255000
Chicago Bears,Danny Trevathan,80,MLB,7250000
New York Giants,Jabrill Peppers,80,SS,2585559
Denver Broncos,Bryce Callahan,80,CB,6000000
New Orleans Saints,Latavius Murray,80,HB,1075000
Los Angeles Chargers,Trai Turner,80,RG,3000000
New York Giants,Leonard Williams,80,RE,21000000
Green Bay Packers,Elgton Jenkins,80,LG,1695655
Green Bay Packers,JK Scott,80,P,920000
Minnesota Vikings,Anthony Barr,80,LOLB,10000000
Cincinnati Bengals,Carl Lawson,80,RE,15000000
Buffalo Bills,Tremaine Edmunds,80,MLB,3164886
Tennessee Titans,Ryan Tannehill,80,QB,29500000
Tampa Bay Buccaneers,Jason Pierre-Paul,80,LOLB,12500000
New England Patriots,Sony Michel,80,HB,2406674
New York Giants,Dalvin Tomlinson,80,DT,10500000
Carolina Panthers,Curtis Samuel,80,WR,11500000
New England Patriots,John Simon,80,LE,1120000
Washington Commanders,Chase Young,80,RE,8640900
New York Jets,Pierre Desir,80,CB,1075000
Dallas Cowboys,Greg Zuerlein,80,K,2500000
New York Jets,Jamison Crowder,80,WR,5500000
Seattle Seahawks,Jarran Reed,80,DT,5500000
Houston Texans,Bradley Roby,80,CB,10500000
Detroit Lions,Duron Harmon,80,FS,1212500
Tampa Bay Buccaneers,O.J. Howard,80,TE,2773714
Carolina Panthers,Taylor Moton,80,RT,17000000
Baltimore Ravens,Marquise Brown,80,WR,2946835
Tennessee Titans,Ben Jones,80,C,6750000
San Francisco 49ers,Deebo Samuel,80,WR,1924339
Philadelphia Eagles,Miles Sanders,80,HB,1340058
Seattle Seahawks,Carlos Hyde,80,HB,2250000
Detroit Lions,Danny Amendola,80,WR,1800000
Los Angeles Rams,Samson Ebukam,80,ROLB,6000000
Seattle Seahawks,Michael Dickson,80,P,3674765
Pittsburgh Steelers,Bud Dupree,80,ROLB,16500000
Cincinnati Bengals,Jessie Bates III,79,FS,12911000
Miami Dolphins,Matt Breida,79,HB,1055000
Atlanta Falcons,Takkarist McKinley,79,RE,4250000
New York Giants,Aldrick Rosas,79,K,1035000
Los Angeles Rams,Rob Havenstein,79,RT,8125000
Seattle Seahawks,D.K. Metcalf,79,WR,1146513
Tennessee Titans,Corey Davis,79,WR,12500000
Tennessee Titans,DaQuan Jones,79,DT,4050000
New York Jets,Brian Poole,79,CB,252000
Cincinnati Bengals,Vonn Bell,79,SS,6000000
Tampa Bay Buccaneers,Ronald Jones II,79,HB,1767982
Carolina Panthers,Brian Burns,79,RE,3385046
New England Patriots,Isaiah Wynn,79,LT,2860478
Tennessee Titans,Rashaan Evans,79,MLB,2894298
Miami Dolphins,Mike Gesicki,79,TE,10931000
Buffalo Bills,Matt Milano,79,LOLB,10375000
Cleveland Browns,Jamie Gillan,79,P,1065000
Cleveland Browns,J.C. Tretter,79,C,10850000
New York Jets,Steve McLendon,79,DT,1212500
Baltimore Ravens,Derek Wolfe,79,LE,4000000
Las Vegas Raiders,Derek Carr,79,QB,25005000
Washington Commanders,Ronald Darby,79,CB,10000000
Miami Dolphins,Jordan Howard,79,HB,990000
Jacksonville Jaguars,Dede Westbrook,79,WR,1127500
Carolina Panthers,Graham Gano,79,K,4666667
Las Vegas Raiders,Maurice Hurst,79,DT,1045000
Las Vegas Raiders,Gabe Jackson,79,RG,7525000
Denver Broncos,Alexander Johnson,78,MLB,3384000
Cleveland Browns,Baker Mayfield,78,QB,8170745
Tampa Bay Buccaneers,Devin White,78,MLB,7328954
St. Louis Cardinals,Christian Kirk,78,WR,1473719
Detroit Lions,Da'Shawn Hand,78,LE,1035000
Detroit Lions,Da'Shawn Hand,78,LE,252000
Las Vegas Raiders,Cory Littleton,78,MLB,11750000
Pittsburgh Steelers,James Washington,78,WR,1125337
Cleveland Browns,David Njoku,78,TE,10931000
Kansas Chiefs,Derrick Nnadi,78,DT,930600
Chicago Bears,David Montgomery,78,HB,1003845
Green Bay Packers,Jamaal Williams,78,HB,3000000
Green Bay Packers,Corey Linsley,78,C,12500000
New Orleans Saints,David Onyemata,78,DT,9000000
Houston Texans,Randall Cobb,78,WR,9000000
New England Patriots,Cam Newton,78,QB,8250000
New Orleans Saints,Janoris Jenkins,78,CB,7500000
Cincinnati Bengals,Trae Waynes,78,CB,14000000
Kansas Chiefs,Juan Thornhill,78,FS,1153817
New England Patriots,Adrian Phillips,78,FS,4250000
San Francisco 49ers,Jerick McKinnon,78,HB,990000
Carolina Panthers,Derrick Brown,78,DT,5905351
Baltimore Ravens,Nick Boyle,78,TE,6500000
Baltimore Ravens,Pernell McPhee,78,ROLB,1075000
New Orleans Saints,Erik McCoy,78,C,1522646
Seattle Seahawks,Will Dissly,78,TE,777567
Chicago Bears,James Daniels,78,LG,1737539
Cleveland Browns,Jack Conklin,78,RT,8000000
St. Louis Cardinals,Isaiah Simmons,78,SS,5166014
Philadelphia Eagles,Avonte Maddox,78,CB,7500000
New York Giants,Will Hernandez,78,LG,1862685
New Orleans Saints,Wil Lutz,78,K,4050000
New Orleans Saints,Andrus Peat,78,LG,11500000
Buffalo Bills,Levi Wallace,78,CB,1750000
Atlanta Falcons,Damontae Kazee,78,FS,1127500
Washington Commanders,Adrian Peterson,78,HB,252000
Seattle Seahawks,Rashaad Penny,78,HB,2691359
Philadelphia Eagles,Marquise Goodwin,78,WR,1212500
Atlanta Falcons,Jake Matthews,78,LT,14500000
New York Giants,Darius Slayton,78,WR,688719
New York Jets,Quinnen Williams,78,RE,8132343
Los Angeles Rams,Austin Blythe,78,RG,990000
San Francisco 49ers,Dante Pettis,77,WR,920000
Buffalo Bills,Quinton Spain,77,LG,1127500
Dallas Cowboys,Jourdan Lewis,77,CB,4500000
Buffalo Bills,Taron Johnson,77,CB,8000000
Chicago Bears,Tarik Cohen,77,HB,5750000
Baltimore Ravens,Gus Edwards,77,HB,4128000
Houston Texans,David Johnson,77,HB,5000000
New England Patriots,Ja'Whaun Bentley,77,MLB,690988
Las Vegas Raiders,Nelson Agholor,77,WR,11000000
Tennessee Titans,Adam Humphries,77,WR,1190000
Denver Broncos,Dalton Risner,77,LG,1785571
Cleveland Browns,Karl Joseph,77,SS,293000
Seattle Seahawks,Tre Flowers,77,CB,689681
Tampa Bay Buccaneers,Sean Murphy-Bunting,77,CB,1844000
Baltimore Ravens,Chuck Clark,77,SS,5100000
Detroit Lions,Tracy Walker,77,SS,877997
Jacksonville Jaguars,Al Woods,77,DT,2500000
Los Angeles Rams,Leonard Floyd,77,LOLB,16000000
Cincinnati Bengals,Mackensie Alexander,77,CB,1127500
Kansas Chiefs,Demarcus Robinson,77,WR,1127500
Atlanta Falcons,Tyeler Davison,77,DT,2625000
Detroit Lions,T.J. Hockenson,77,TE,4955307
Carolina Panthers,Michael Palardy,77,P,1400000
Las Vegas Raiders,Maxx Crosby,77,LE,825566
St. Louis Cardinals,Kyler Murray,77,QB,8789661
Dallas Cowboys,Xavier Woods,77,FS,1750000
Green Bay Packers,Mason Crosby,77,K,4300000
New Orleans Saints,Marcus Davenport,77,RE,3435475
Minnesota Vikings,Garrett Bradbury,77,C,3220718
Buffalo Bills,Dion Dawkins,77,LT,14575000
Denver Broncos,Ja'Wuan James,77,RT,2245000
Cleveland Browns,Larry Ogunjobi,77,DT,6200000
Tampa Bay Buccaneers,Cameron Brate,77,TE,6016667
Chicago Bears,Buster Skrine,77,CB,1075000
Los Angeles Chargers,Uchenna Nwosu,77,LOLB,1439895
Cincinnati Bengals,Giovani Bernard,77,HB,1212500
New York Giants,Markus Golden,77,LOLB,2500000
San Francisco 49ers,Kendrick Bourne,76,WR,5000000
Chicago Bears,Bobby Massie,76,RT,2500000
Jacksonville Jaguars,C.J. Henderson,76,CB,5129047
Kansas Chiefs,Charvarius Ward,76,CB,3384000
St. Louis Cardinals,Chase Edmonds,76,HB,728089
Las Vegas Raiders,Johnathan Hankins,76,DT,3500000
Las Vegas Raiders,Carl Nassib,76,LE,8333333
Pittsburgh Steelers,Diontae Johnson,76,WR,1070241
Cincinnati Bengals,Joe Burrow,76,QB,9047534
Tampa Bay Buccaneers,Jamel Dean,76,CB,889713
Dallas Cowboys,Anthony Brown,76,CB,5166667
Atlanta Falcons,Ito Smith,76,HB,1022500
Atlanta Falcons,Ito Smith,76,HB,252000
Miami Dolphins,Raekwon McMillan,76,MLB,1092500
Atlanta Falcons,Hayden Hurst,76,TE,2759008
Green Bay Packers,Marcedes Lewis,76,TE,4000000
New England Patriots,Adam Butler,76,DT,3750000
Pittsburgh Steelers,Devin Bush,76,MLB,4717942
Cincinnati Bengals,Auden Tate,76,WR,615000
New Orleans Saints,Jameis Winston,76,QB,5500000
Las Vegas Raiders,Nick Kwiatkoski,76,ROLB,7000000
San Francisco 49ers,Dre Greenlaw,76,ROLB,710428
San Francisco 49ers,Javon Kinlaw,76,DT,3872175
San Francisco 49ers,Mitch Wishnowsky,76,P,821018
Cincinnati Bengals,Josh Bynes,76,LOLB,1075000
Denver Broncos,Graham Glasgow,76,RG,7100000
Denver Broncos,Brandon McManus,76,K,4300000
Cleveland Browns,Andrew Billings,76,DT,1187500
Cleveland Browns,Andrew Billings,76,DT,252000
St. Louis Cardinals,Devon Kennard,76,ROLB,6666667
Cincinnati Bengals,Shawn Williams,76,SS,1075000
Cleveland Browns,Andrew Sendejo,76,SS,1075000
Jacksonville Jaguars,D.J. Hayden,76,CB,1140000
Baltimore Ravens,Tavon Young,76,CB,4665000
Seattle Seahawks,Bradley McDougald,76,SS,252000
Kansas Chiefs,Alex Okafor,76,LE,1075000
Indianapolis Colts,Denico Autry,76,DT,7666667
Miami Dolphins,Davon Godchaux,76,DT,7500000
New England Patriots,Marcus Cannon,76,RT,6500000
Chicago Bears,Anthony Miller,76,WR,1035000
St. Louis Cardinals,Jordan Hicks,76,MLB,4500000
Los Angeles Rams,Jared Goff,76,QB,33500000
St. Louis Cardinals,Andy Lee,76,P,1500000
St. Louis Cardinals,Justin Pugh,76,LG,7512500
Buffalo Bills,Josh Norman,76,CB,1500000
San Francisco 49ers,K'Waun Williams,76,CB,2377500
Detroit Lions,Jeff Okudah,76,CB,8382132
Philadelphia Eagles,Will Parks,76,SS,990000
Kansas Chiefs,Mecole Hardman,76,WR,1248763
Washington Commanders,J.D. McKissic,76,HB,1635000
Miami Dolphins,Albert Wilson,76,WR,3000000
Jacksonville Jaguars,Chris Conley,76,WR,1500000
New York Jets,Henry Anderson,76,LE,3500000
Carolina Panthers,Shaq Thompson,76,MLB,13540000
Washington Commanders,Montez Sweat,76,RE,2910315
San Francisco 49ers,Emmanuel Moseley,75,CB,4692000
Los Angeles Rams,Taylor Rapp,75,FS,1168424
Dallas Cowboys,Antwaun Woods,75,DT,920000
Seattle Seahawks,David Moore,75,WR,705000
Seattle Seahawks,David Moore,75,WR,252000
Seattle Seahawks,David Moore,75,WR,165600
Pittsburgh Steelers,Jordan Berry,75,P,990000
Dallas Cowboys,Daryl Worley,75,CB,252000
Indianapolis Colts,Rock Ya-Sin,75,CB,1979114
Carolina Panthers,Eli Apple,75,CB,1200000
Miami Dolphins,Bobby McCain,75,FS,1475000
Indianapolis Colts,Kemoko Turay,75,LE,1304601
Dallas Cowboys,Tony Pollard,75,HB,797582
Carolina Panthers,Mike Davis,75,HB,2750000
New England Patriots,Rex Burkhead,75,HB,2500000
Los Angeles Rams,Malcolm Brown,75,HB,1750000
Baltimore Ravens,J.K. Dobbins,75,HB,1432360
Jacksonville Jaguars,Keelan Cole,75,WR,5500000
Baltimore Ravens,Tyus Bowser,75,LOLB,5500000
Washington Commanders,Morgan Moses,75,RT,3600000
Seattle Seahawks,Poona Ford,75,DT,6172500
San Francisco 49ers,Solomon Thomas,75,RE,3250000
Denver Broncos,Jerry Jeudy,75,WR,3798240
Denver Broncos,Sam Martin,75,P,2350000
St. Louis Cardinals,Corey Peters,75,DT,1212500
St. Louis Cardinals,Maxx Williams,75,TE,2333333
Carolina Panthers,Teddy Bridgewater,75,QB,11500000
Cleveland Browns,Greedy Williams,75,CB,1614669
Dallas Cowboys,Randy Gregory,75,RE,1000000
Denver Broncos,Royce Freeman,75,HB,985005
New York Jets,Breshad Perriman,75,WR,990000
New England Patriots,Chase Winovich,75,RE,956828
Los Angeles Rams,Josh Reynolds,75,WR,1750000
Washington Commanders,Chase Roullier,75,C,10125000
Cincinnati Bengals,Sam Hubbard,75,RE,10000000
Cleveland Browns,Mack Wilson,75,ROLB,707201
Detroit Lions,Darryl Roberts,75,CB,1595000
Indianapolis Colts,Nyheim Hines,75,HB,6200000
New York Giants,B.J. Hill,75,RE,1011970
Las Vegas Raiders,Maliek Collins,75,DT,5000000
Las Vegas Raiders,Zay Jones,75,WR,2500000
Seattle Seahawks,Jason Myers,75,K,3862500
Houston Texans,Zach Cunningham,75,MLB,14500000
Minnesota Vikings,Brian O'Neill,75,RT,18500000
Minnesota Vikings,Tajae Sharpe,75,WR,990000
Chicago Bears,Cordarrelle Patterson,75,WR,3000000
Denver Broncos,Shelby Harris,75,LE,9000000
Philadelphia Eagles,Cre'Von LeBlanc,75,CB,1075000
Las Vegas Raiders,Trayvon Mullen,75,CB,1814787
Dallas Cowboys,CeeDee Lamb,75,WR,3502504
Miami Dolphins,Emmanuel Ogbah,75,LE,7500000
Green Bay Packers,Dean Lowry,75,LE,6775000
Tennessee Titans,Jonnu Smith,75,TE,12500000
Chicago Bears,Bilal Nichols,74,RE,689870
Denver Broncos,Noah Fant,74,TE,3147681
Indianapolis Colts,Xavier Rhodes,74,CB,4770000
Washington Commanders,Fabian Moreau,74,CB,1127500
Las Vegas Raiders,Erik Harris,74,FS,1350000
Kansas Chiefs,Clyde Edwards-Helaire,74,HB,2705394
Detroit Lions,D'Andre Swift,74,HB,2134730
Washington Commanders,Peyton Barber,74,HB,990000
New York Jets,Connor McGovern,74,C,9000000
New York Jets,Connor McGovern,74,C,904527
Dallas Cowboys,Connor McGovern,64,RG,9000000
Dallas Cowboys,Connor McGovern,64,RG,904527
Carolina Panthers,Yetur Gross-Matos,74,RE,2049707
Seattle Seahawks,Jacob Hollister,74,TE,990000
Buffalo Bills,Harrison Phillips,74,DT,808760
Pittsburgh Steelers,Terrell Edmunds,74,SS,2674448
New Orleans Saints,P.J. Williams,74,CB,2300000
Indianapolis Colts,Zach Pascal,74,WR,3384000
Jacksonville Jaguars,Rashaan Melvin,74,CB,1075000
Philadelphia Eagles,Jake Elliott,74,K,4030000
New York Giants,Kyler Fackrell,74,ROLB,1500000
New York Jets,Patrick Onwuasor,74,MLB,990000
Detroit Lions,Taylor Decker,74,LT,14912500
Las Vegas Raiders,Alec Ingold,74,FB,588333
Los Angeles Rams,A'Shawn Robinson,74,DT,6000000
Houston Texans,Darren Fells,74,TE,252000
San Francisco 49ers,Trent Taylor,74,WR,1135000
San Francisco 49ers,Trent Taylor,74,WR,326222
Buffalo Bills,Jon Feliciano,74,RG,4800000
Cleveland Browns,Rashard Higgins,74,WR,2377500
Tampa Bay Buccaneers,Bradley Pinion,74,P,2750000
Miami Dolphins,Ryan Fitzpatrick,74,QB,10000000
Jacksonville Jaguars,Ronnie Harrison,74,SS,847008
San Francisco 49ers,Jason Verrett,74,CB,5500000
Los Angeles Rams,Troy Hill,74,CB,4500000
Miami Dolphins,Jerome Baker,74,MLB,12500000
Miami Dolphins,Matt Haack,74,P,1825000
Philadelphia Eagles,Corey Clement,74,HB,990000
Minnesota Vikings,Alexander Mattison,74,HB,867795
Jacksonville Jaguars,K'Lavon Chaisson,74,RE,3336153
New York Jets,Jordan Jenkins,74,ROLB,3000000
Green Bay Packers,Marquez Valdes-Scantling,74,WR,669389
Las Vegas Raiders,Hunter Renfrow,74,WR,708987
New Orleans Saints,Trey Hendrickson,74,RE,15000000
New Orleans Saints,Margus Hunt,74,DT,1075000
Seattle Seahawks,Bruce Irvin,74,LOLB,1075000
Seattle Seahawks,Benson Mayowa,74,LE,3810000
Tampa Bay Buccaneers,William Gholston,74,LE,5500000
Las Vegas Raiders,Jeff Heath,74,SS,1075000
Indianapolis Colts,Rigoberto Sanchez,74,P,2900000
Jacksonville Jaguars,Tre Herndon,74,CB,2000000
New York Giants,Xavier McKinney,74,FS,2097762
Indianapolis Colts,Khari Willis,74,SS,822009
Miami Dolphins,Christian Wilkins,74,RE,3859774
Los Angeles Chargers,Justin Jackson,74,HB,615000
Jacksonville Jaguars,Taven Bryan,74,DT,2538739
New England Patriots,Damiere Byrd,74,WR,1127500
New England Patriots,N'Keal Harry,74,WR,2524587
San Francisco 49ers,Travis Benjamin,74,WR,1075000
St. Louis Cardinals,Zane Gonzalez,74,K,990000
Minnesota Vikings,Mike Hughes,74,CB,2466871
Miami Dolphins,Eric Rowe,74,SS,4916667
Minnesota Vikings,Justin Jefferson,74,WR,3280702
Los Angeles Chargers,Nick Vigil,73,ROLB,1750000
Indianapolis Colts,Mark Glowinski,73,RG,5400000
Atlanta Falcons,Kendall Sheffield,73,CB,819922
Philadelphia Eagles,J.J. Arcega-Whiteside,73,WR,1237806
Philadelphia Eagles,Jalen Reagor,73,WR,3317670
New York Giants,Lorenzo Carter,73,ROLB,1020871
New Orleans Saints,Noah Spence,73,RE,1035000
Houston Texans,Brennan Scarlett,73,LOLB,1127500
Buffalo Bills,Lee Smith,73,TE,1800000
New York Jets,Sam Darnold,73,QB,7561924
Kansas Chiefs,Ricky Seals-Jones,73,TE,990000
New England Patriots,Kyle Dugger,73,SS,2082976
Philadelphia Eagles,Rasul Douglas,73,CB,990000
Miami Dolphins,Allen Hurns,73,WR,3500000
Tampa Bay Buccaneers,Jordan Whitehead,73,SS,781814
Jacksonville Jaguars,Jarrod Wilson,73,FS,252000
Philadelphia Eagles,Josh Sweat,73,LE,13333333
Indianapolis Colts,Jonathan Taylor,73,HB,1957289
Carolina Panthers,Joey Slye,73,K,850000
Las Vegas Raiders,Kolton Miller,73,LT,18005000
Houston Texans,Bryan Anger,73,P,1075000
Buffalo Bills,Robert Foster,73,WR,1022500
Buffalo Bills,Robert Foster,73,WR,252000
St. Louis Cardinals,Jordan Phillips,73,RE,10000000
Miami Dolphins,Tua Tagovailoa,73,QB,7568859
Dallas Cowboys,Maurice Canady,73,CB,1250000
New York Giants,Julian Love,73,CB,822715
Cleveland Browns,Terrance Mitchell,73,CB,3250000
Baltimore Ravens,Matt Skura,73,C,990000
Houston Texans,Ross Blacklock,73,RE,1986863
Houston Texans,Keke Coutee,73,WR,965000
Chicago Bears,Pat O'Donnell,73,P,1750000
Buffalo Bills,Star Lotulelei,73,DT,6200000
Los Angeles Chargers,Michael Davis,73,CB,8400000
Las Vegas Raiders,Nevin Lawson,73,CB,1275000
Miami Dolphins,Ereck Flowers,73,LG,10000000
Philadelphia Eagles,Genard Avery,73,RE,687237
New York Jets,Nathan Shepherd,73,LE,968930
Detroit Lions,Christian Jones,73,ROLB,1212500
Washington Commanders,Dustin Hopkins,73,K,1075000
New Orleans Saints,Alex Anzalone,73,MLB,1750000
Minnesota Vikings,C.J. Ham,73,FB,3000000
Cincinnati Bengals,Randy Bullock,73,K,1075000
Cincinnati Bengals,Logan Wilson,73,MLB,1236398
St. Louis Cardinals,D.J. Humphries,73,LT,14750000
Las Vegas Raiders,Johnathan Abram,73,SS,2873799
Chicago Bears,Jaylon Johnson,73,CB,1617194
New York Jets,Blessuan Austin,73,CB,850000
St. Louis Cardinals,Robert Alford,73,CB,990000
Tampa Bay Buccaneers,Mike Edwards,73,FS,874509
St. Louis Cardinals,Jalen Thompson,73,FS,715730
Miami Dolphins,Preston Williams,73,WR,588333
Atlanta Falcons,Foyesade Oluokun,73,ROLB,651657
Los Angeles Rams,Cam Akers,73,HB,1543261
Las Vegas Raiders,Clelin Ferrell,73,RE,7840204
Chicago Bears,Demetrius Harris,72,TE,1075000
Chicago Bears,Eddy Pineiro,72,K,780000
Cincinnati Bengals,Alex Erickson,72,WR,990000
Cincinnati Bengals,C.J. Uzomah,72,TE,6100000
Buffalo Bills,Ty Nsekhe,72,RT,1750000
Los Angeles Chargers,Drue Tranquill,72,MLB,794702
Cincinnati Bengals,Darius Phillips,72,CB,669389
Houston Texans,Eric Murray,72,FS,6000000
Atlanta Falcons,Chris Lindstrom,72,RG,3677189
Green Bay Packers,A.J. Dillon,72,HB,1321458
Baltimore Ravens,Jaylon Ferguson,72,ROLB,913702
Houston Texans,Ka'imi Fairbairn,72,K,4412500
Cincinnati Bengals,Jonah Williams,72,LT,4407542
Cincinnati Bengals,Jonah Williams,72,LT,882500
Cincinnati Bengals,Jonah Williams,72,LT,165600
Buffalo Bills,A.J. Epenesa,72,LE,1469326
Buffalo Bills,A.J. Klein,72,ROLB,6000000
Buffalo Bills,Isaiah McKenzie,72,WR,1127500
St. Louis Cardinals,Andy Isabella,72,WR,1157468
Indianapolis Colts,Bobby Okereke,72,MLB,905529
Cleveland Browns,Grant Delpit,72,FS,1866266
Los Angeles Rams,Terrell Burgess,72,FS,1078520
Indianapolis Colts,Jordan Wilkins,72,HB,252000
Baltimore Ravens,Justice Hill,72,HB,815414
New York Jets,Folorunso Fatukasi,72,RE,658564
New England Patriots,Brandon Copeland,72,LOLB,990000
New England Patriots,Josh Uche,72,ROLB,1347334
Baltimore Ravens,Miles Boykin,72,WR,893732
Washington Commanders,Shaun Dion Hamilton,72,LOLB,653252
Pittsburgh Steelers,Tyson Alualu,72,LE,2750000
Houston Texans,Charles Omenihu,72,LE,704101
Tennessee Titans,Jack Crawford,72,RE,1075000
Los Angeles Chargers,Denzel Perryman,72,MLB,3042500
Los Angeles Chargers,Jerry Tillery,72,DT,2855540
Kansas Chiefs,Damien Wilson,72,ROLB,2000000
New York Jets,Mekhi Becton,72,LT,4611512
Green Bay Packers,Rashan Gary,72,LOLB,3969328
Green Bay Packers,Christian Kirksey,72,MLB,3000000
Houston Texans,Duke Ejiofor,72,ROLB,825000
San Francisco 49ers,Brandon Aiyuk,72,WR,3132838
Indianapolis Colts,Parris Campbell,72,WR,1193984
Miami Dolphins,Jason Sanders,72,K,4400000
Las Vegas Raiders,Ken Crawley,72,CB,990000
New York Giants,Oshane Ximines,72,ROLB,885695
Philadelphia Eagles,Boston Scott,72,HB,920000
Pittsburgh Steelers,Jaylen Samuels,72,HB,1035000
Pittsburgh Steelers,Jaylen Samuels,72,HB,252000
New York Jets,Christopher Herndon IV,72,TE,792842
New York Jets,Alex Lewis,72,LG,3500000
Baltimore Ravens,Patrick Queen,72,MLB,3040418
Washington Commanders,Cole Holcomb,72,LOLB,688721
Seattle Seahawks,Cody Barton,72,LOLB,906531
Pittsburgh Steelers,Ryan Switzer,72,WR,920000
Tennessee Titans,Khari Blasingame,72,FB,850000
San Francisco 49ers,D.J. Jones,72,DT,3500000
Chicago Bears,Mitchell Trubisky,72,QB,2500000
New York Giants,Daniel Jones,72,QB,6416014
Dallas Cowboys,Blake Jarwin,72,TE,5500000
Washington Commanders,Sean Davis,72,SS,252000
New York Jets,Quincy Wilson,72,CB,1035000
Philadelphia Eagles,Jalen Mills,72,SS,6000000
New York Jets,Matthias Farley,72,SS,1090000
New York Giants,Blake Martinez,72,MLB,10250000
New York Jets,Ryan Griffin,72,TE,3040824
New York Jets,Ryan Griffin,72,TE,252000
Tampa Bay Buccaneers,Ryan Griffin,54,QB,3040824
Tampa Bay Buccaneers,Ryan Griffin,54,QB,252000
New England Patriots,Jake Bailey,72,P,702520
Las Vegas Raiders,Marquel Lee,72,LOLB,920000
Washington Commanders,Steven Sims,72,WR,895000
Washington Commanders,Steven Sims,72,WR,165600
New Orleans Saints,Malcom Brown,72,DT,5500000
Minnesota Vikings,Pat Elflein,72,LG,4500000
Chicago Bears,Roy Robertson-Harris,71,LE,7800000
Buffalo Bills,Daryl Williams,71,LG,8000000
Denver Broncos,Netane Muti,71,RG,875198
Green Bay Packers,Jordan Love,71,QB,3095868
Indianapolis Colts,Tyquan Lewis,71,DT,1091514
Dallas Cowboys,Joe Thomas,71,ROLB,1120000
Atlanta Falcons,Isaiah Oliver,71,CB,1159163
New England Patriots,Terrence Brooks,71,SS,1750000
New York Giants,Andrew Thomas,71,RT,8086397
New York Jets,Braden Mann,71,P,868025
Baltimore Ravens,Justin Ellis,71,DT,1075000
Baltimore Ravens,L.J. Fort,71,MLB,1127500
Washington Commanders,Kelvin Harmon,71,WR,825000
Washington Commanders,Kelvin Harmon,71,WR,165600
New Orleans Saints,Cesar Ruiz,71,RG,3169800
Houston Texans,Dylan Cole,71,MLB,990000
Chicago Bears,Brent Urban,71,LE,1750000
Buffalo Bills,Corey Bojorquez,71,P,1020000
Buffalo Bills,Tyler Kroft,71,TE,2000000
Los Angeles Chargers,Michael Badgley,71,K,920000
Seattle Seahawks,Marquise Blair,71,FS,1559162
Kansas Chiefs,Daniel Sorensen,71,SS,2462500
Baltimore Ravens,Justin Madubuike,71,RE,1213328
Seattle Seahawks,Jordyn Brooks,71,MLB,3058901
Pittsburgh Steelers,Matt Feiler,71,RT,7000000
Houston Texans,Tytus Howard,71,RT,3056388
Kansas Chiefs,Mike Remmers,71,LG,3300000
Dallas Cowboys,Connor Williams,71,LG,1372249
Indianapolis Colts,T.J. Carrie,71,CB,2085000
Detroit Lions,Amani Oruwariye,71,CB,710834
Philadelphia Eagles,K'Von Wallace,71,SS,1000278
Jacksonville Jaguars,James O'Shaughnessy,71,TE,1590000
Jacksonville Jaguars,Cam Robinson,71,LT,13754000
Green Bay Packers,Tyler Lancaster,71,DT,1250000
Green Bay Packers,Allen Lazard,71,WR,850000
Baltimore Ravens,Bradley Bozeman,71,LG,644602
Pittsburgh Steelers,Derek Watt,71,FB,3250000
Cincinnati Bengals,Tee Higgins,71,WR,2171697
Buffalo Bills,Dawson Knox,71,TE,880400
Denver Broncos,Christian Covington,71,RE,990000
Kansas Chiefs,Khalen Saunders,71,DT,918295
Indianapolis Colts,Jacoby Brissett,71,QB,5000000
Miami Dolphins,Vince Biegel,71,ROLB,920000
Miami Dolphins,Isaiah Ford,71,WR,920000
Miami Dolphins,Nik Needham,71,CB,850000
Detroit Lions,Mike Ford,71,CB,1200000
Atlanta Falcons,Marlon Davidson,71,LE,1728094
Los Angeles Chargers,Nasir Adderley,71,FS,1183028
Buffalo Bills,Taiwan Jones,71,HB,1750000
Miami Dolphins,Kalen Ballage,71,HB,920000
Detroit Lions,Romeo Okwara,71,RE,12333333
Detroit Lions,Jahlani Tavai,71,MLB,1047500
Houston Texans,Jordan Akins,71,TE,830879
Cleveland Browns,Austin Seibert,71,K,695114
Tampa Bay Buccaneers,Tristan Wirfs,71,RT,4057007
Chicago Bears,Nick Foles,71,QB,8000000
Dallas Cowboys,Trysten Hill,71,DT,1219549
Miami Dolphins,Raekwon Davis,71,RE,1413878
Miami Dolphins,Elandon Roberts,71,MLB,1990000
New York Jets,Ashtyn Davis,71,FS,1229347
New York Giants,Grant Haley,71,CB,907500
Tampa Bay Buccaneers,Andrew Adams,71,SS,990000
Jacksonville Jaguars,A.J. Cann,71,RG,5018333
Minnesota Vikings,Ameer Abdullah,71,HB,990000
Baltimore Ravens,Devin Duvernay,71,WR,1116927
Baltimore Ravens,Chris Moore,71,WR,990000
Houston Texans,Nick Martin,71,C,1250000
Cincinnati Bengals,Germaine Pratt,70,MLB,1020885
St. Louis Cardinals,KeeSean Johnson,70,WR,895000
St. Louis Cardinals,KeeSean Johnson,70,WR,165600
Los Angeles Chargers,Kyzir White,70,LOLB,778610
Kansas Chiefs,Tanoh Kpassagnon,70,RE,2250000
Dallas Cowboys,Devin Smith,70,WR,275111
Philadelphia Eagles,Isaac Seumalo,70,LG,5850000
Pittsburgh Steelers,Justin Layne,70,CB,920795
Tennessee Titans,Amani Hooker,70,FS,814072
New York Jets,Blake Cashman,70,MLB,706063
New England Patriots,Brandon Bolden,70,HB,1850000
Los Angeles Rams,Van Jefferson,70,WR,1402785
Houston Texans,Jacob Martin,70,LOLB,655510
Buffalo Bills,Cody Ford,70,RT,1876868
Buffalo Bills,Andre Roberts,70,WR,1075000
Denver Broncos,K.J. Hamler,70,WR,1784284
Denver Broncos,Josey Jewell,70,MLB,793496
Indianapolis Colts,Ben Banogu,70,RE,1486127
Indianapolis Colts,Marcus Johnson,70,WR,1127500
Dallas Cowboys,Neville Gallimore,70,DT,1151506
Los Angeles Chargers,Rayshawn Jenkins,70,FS,8750000
New England Patriots,Joejuan Williams,70,CB,1656664
Jacksonville Jaguars,Parry Nickerson,70,CB,1035000
Jacksonville Jaguars,Parry Nickerson,70,CB,326222
St. Louis Cardinals,Deionte Thompson,70,SS,717542
Jacksonville Jaguars,Dawuane Smoot,70,RE,5000000
New York Jets,Denzel Mims,70,WR,1358424
New York Jets,Jordan Willis,70,ROLB,990000
Detroit Lions,Jarrad Davis,70,MLB,5500000
Buffalo Bills,Zack Moss,70,HB,1130520
Pittsburgh Steelers,Chase Claypool,70,WR,1654159
Chicago Bears,Cole Kmet,70,TE,1894447
Buffalo Bills,Quinton Jefferson,70,DT,3250000
Buffalo Bills,Vincent Taylor,70,DT,1500000
Los Angeles Chargers,Justin Jones,70,DT,869035
Dallas Cowboys,Noah Brown,70,WR,1127500
Miami Dolphins,Ted Karras,70,C,3000000
Miami Dolphins,Clayton Fejedelem,70,SS,2850000
Carolina Panthers,Jeremy Chinn,70,SS,1310369
Washington Commanders,Jimmy Moreland,70,CB,654473
New York Giants,Elijhaa Penny,70,FB,1125000
New York Jets,Tarell Basham,70,ROLB,2750000
New York Jets,Braxton Berrios,70,WR,644602
New York Jets,Josh Adams,70,HB,1035000
Green Bay Packers,Jake Kumerow,70,WR,920000
Carolina Panthers,Ian Thomas,70,TE,5650000
New England Patriots,Jakobi Meyers,70,WR,588333
Tennessee Titans,Nate Davis,70,RG,925045
Denver Broncos,Tim Patrick,70,WR,10000000
Kansas Chiefs,Dorian O'Daniel,70,LOLB,830785
Denver Broncos,Drew Lock,70,QB,1752705
Miami Dolphins,Kamu Grugier-Hill,70,MLB,2500000
Atlanta Falcons,Sterling Hofrichter,70,P,882500
Indianapolis Colts,Marvell Tell III,70,CB,825000
Indianapolis Colts,Marvell Tell III,70,CB,165600
Kansas Chiefs,Rashad Fenton,70,CB,675580
Jacksonville Jaguars,Logan Cooke,70,P,3000000
Jacksonville Jaguars,Davon Hamilton,70,DT,1202670
Jacksonville Jaguars,Jawaan Taylor,70,RT,1960856
Los Angeles Rams,Morgan Fox,70,RE,4050000
New Orleans Saints,Deonte Harris,70,WR,588333
Houston Texans,Max Scharping,70,LG,1267022
Minnesota Vikings,Ifeadi Odenigbo,70,RE,920000
Denver Broncos,DaeSean Hamilton,70,WR,785660
Tampa Bay Buccaneers,Matt Gay,70,K,762500
Tampa Bay Buccaneers,Donovan Smith,70,LT,15500000
Kansas Chiefs,Taco Charlton,70,LE,990000
Los Angeles Chargers,Justin Herbert,70,QB,6644689
Miami Dolphins,Noah Igbinoghene,70,CB,2813551
Atlanta Falcons,A.J. Terrell,70,CB,3576437
Chicago Bears,Artie Burns,70,CB,990000
Carolina Panthers,Zach Kerr,70,DT,1075000
Carolina Panthers,Chris Manhertz,70,TE,3325000
Las Vegas Raiders,Bryan Edwards,70,WR,1156645
Las Vegas Raiders,Arden Key,70,RE,1045000
Denver Broncos,McTelvin Agim,69,LE,1099762
Denver Broncos,Garett Bolles,69,LT,17000000
Kansas Chiefs,Byron Pringle,69,WR,2133000
Tennessee Titans,Kristian Fulton,69,CB,1332549
Detroit Lions,Jayron Kearse,69,SS,1127500
Indianapolis Colts,Julian Blackmon,69,FS,1134960
New England Patriots,Damien Harris,69,HB,907784
Carolina Panthers,Stephen Weatherly,69,LE,2000000
Tennessee Titans,Darrynton Evans,69,HB,1109430
Las Vegas Raiders,Daniel Carlson,69,K,4600000
Seattle Seahawks,Darrell Taylor,69,LE,1691128
Denver Broncos,Jeremiah Attaochu,69,LOLB,2775000
Tampa Bay Buccaneers,Kevin Minter,69,MLB,1212500
St. Louis Cardinals,Leki Fotu,69,DT,1017118
Los Angeles Chargers,Tyrod Taylor,69,QB,5500000
Atlanta Falcons,John Cominsky,69,LE,752098
New York Giants,Riley Dixon,69,P,2900000
San Francisco 49ers,Tarvarius Moore,69,FS,837843
Dallas Cowboys,Trevon Diggs,69,CB,1580227
Washington Commanders,Troy Apke,69,FS,790909
Tennessee Titans,Dane Cruikshank,69,SS,686973
Tampa Bay Buccaneers,Ke'Shawn Vaughn,69,HB,1177110
Miami Dolphins,Patrick Laird,69,HB,850000
Los Angeles Rams,Ogbonnia Okoronkwo,69,ROLB,683634
Baltimore Ravens,Malik Harrison,69,MLB,1084234
Minnesota Vikings,Shamar Stephen,69,DT,1585000
San Francisco 49ers,Kerry Hyder,69,RE,3250000
Chicago Bears,Javon Wims,69,WR,965000
Buffalo Bills,Gabriel Davis,69,WR,998593
Denver Broncos,Dre'Mont Jones,69,LE,1039700
Denver Broncos,DeMarcus Walker,69,RE,1500000
St. Louis Cardinals,Zach Allen,69,LE,1073441
St. Louis Cardinals,Lamont Gaillard,69,LG,895000
St. Louis Cardinals,Lamont Gaillard,69,LG,165600
Philadelphia Eagles,Cameron Johnston,69,P,2666667
Atlanta Falcons,Charles Harris,69,LE,1750000
Jacksonville Jaguars,Josh Jones,69,SS,1209834
Jacksonville Jaguars,Josh Jones,69,SS,252000
St. Louis Cardinals,Josh Jones,66,RT,1209834
St. Louis Cardinals,Josh Jones,66,RT,252000
Cleveland Browns,Sheldrick Redwine,69,FS,850000
Tampa Bay Buccaneers,Ryan Smith,69,CB,1500000
Tennessee Titans,Ibraheim Campbell,69,FS,292000
Buffalo Bills,Dean Marlowe,69,SS,990000
New York Jets,Frankie Luvu,69,LOLB,4500000
New York Jets,Brett Maher,69,K,850000
Green Bay Packers,Lane Taylor,69,LG,990000
Carolina Panthers,Greg Little,69,LT,1909731
Washington Commanders,Antonio Gibson,69,HB,1233160
Las Vegas Raiders,Foster Moreau,69,TE,752098
Washington Commanders,Jon Bostic,69,MLB,2500000
Washington Commanders,Antonio Gandy-Golden,69,WR,895000
Washington Commanders,Antonio Gandy-Golden,69,WR,165600
Washington Commanders,Kevin Pierre-Louis,69,MLB,3500000
Houston Texans,Jordan Thomas,69,TE,965000
Buffalo Bills,Tyler Bass,69,K,869806
St. Louis Cardinals,Trevon Coley,69,LE,990000
Atlanta Falcons,Laquon Treadwell,69,WR,990000
Miami Dolphins,Kavon Frazier,69,SS,1035000
Miami Dolphins,Kavon Frazier,69,SS,252000
Houston Texans,Keion Crossen,69,CB,633598
Pittsburgh Steelers,Cameron Sutton,69,CB,4500000
New York Jets,Nate Hairston,69,CB,990000
Jacksonville Jaguars,Quincy Williams,69,ROLB,876509
Detroit Lions,Will Harris,69,SS,930974
Detroit Lions,Julian Okwara,69,RE,1232835
New Orleans Saints,Zack Baun,69,LOLB,1196780
Miami Dolphins,Andrew Van Ginkel,69,ROLB,707991
Philadelphia Eagles,Andre Dillard,69,LT,3092903
Indianapolis Colts,George Odum,69,FS,2133000
New York Jets,Trenton Cannon,69,HB,920000
New England Patriots,Devin Asiasi,69,TE,1116568
Seattle Seahawks,Ben Burr-Kirven,69,ROLB,715730
Seattle Seahawks,Rasheem Green,69,RE,893139
Houston Texans,DeAndre Carter,69,WR,970000
Tennessee Titans,Anthony Firkser,69,TE,3000000
Chicago Bears,John Jenkins,68,RE,1212500
Cincinnati Bengals,Akeem Davis-Gaither,68,ROLB,1028127
Cincinnati Bengals,Trey Hopkins,68,C,6800000
Cincinnati Bengals,Renell Wren,68,DT,850000
Cleveland Browns,Chris Hubbard,68,RT,3500000
Indianapolis Colts,Rodrigo Blankenship,68,K,768333
Miami Dolphins,Sam Eguavoen,68,ROLB,585000
Philadelphia Eagles,Duke Riley,68,LOLB,1127500
New York Giants,Levine Toilolo,68,TE,1600000
New England Patriots,Cody Davis,68,FS,2150000
Denver Broncos,Michael Ojemudia,68,CB,1175970
Las Vegas Raiders,Amik Robertson,68,CB,947350
Carolina Panthers,Marquis Haynes,68,LE,728089
Carolina Panthers,Keith Kirkwood,68,WR,233866
Detroit Lions,Ty Johnson,68,HB,673139
Los Angeles Rams,Sam Sloman,68,K,825000
Los Angeles Rams,Sam Sloman,68,K,165600
Seattle Seahawks,Sutton Smith,68,ROLB,742500
Minnesota Vikings,Olabisi Johnson,68,WR,648644
Buffalo Bills,Jason Croom,68,TE,762500
Denver Broncos,Mike Purcell,68,DT,2875000
Denver Broncos,Malik Reed,68,ROLB,590000
Cleveland Browns,Jordan Elliott,68,DT,1123438
Cleveland Browns,Wyatt Teller,68,RG,14200000
Dallas Cowboys,Cameron Erving,68,LT,5000000
Miami Dolphins,Mack Hollins,68,WR,1127500
Las Vegas Raiders,Marcus Mariota,68,QB,3500000
Philadelphia Eagles,John Hightower,68,WR,887500
Philadelphia Eagles,Hassan Ridgeway,68,DT,990000
New York Jets,Greg Van Roten,68,RG,3500000
Dallas Cowboys,Darian Thompson,68,FS,293000
Baltimore Ravens,Jordan Richards,68,SS,252000
New England Patriots,Shilique Calhoun,68,LOLB,1035000
Los Angeles Rams,Greg Gaines,68,DT,786653
New Orleans Saints,Adam Trautman,68,TE,1077803
Pittsburgh Steelers,Deon Cain,68,WR,825000
Pittsburgh Steelers,Deon Cain,68,WR,252000
Tennessee Titans,Kalif Raymond,68,WR,1127500
Cincinnati Bengals,Kevin Huber,68,P,1637500
Los Angeles Chargers,Forrest Lamp,68,LG,252000
Atlanta Falcons,Steven Means,68,LE,1127500
New York Giants,Cody Core,68,WR,1035000
New York Giants,Cody Core,68,WR,252000
New York Giants,David Mayo,68,MLB,1272500
Cincinnati Bengals,Tony Brown,68,CB,252000
Green Bay Packers,Jace Sternberger,68,TE,965000
Green Bay Packers,Jace Sternberger,68,TE,165600
Chicago Bears,Adam Shaheen,68,TE,2425000
Cleveland Browns,Kendall Lamm,68,LT,3400000
Cleveland Browns,Sione Takitaki,68,LOLB,933969
Tampa Bay Buccaneers,Tyler Johnson,68,WR,902355
Philadelphia Eagles,Jalen Hurts,68,QB,1506294
Baltimore Ravens,Geno Stone,68,SS,780000
Las Vegas Raiders,Isaiah Johnson,68,CB,895000
New Orleans Saints,Dwayne Washington,68,HB,1127500
Houston Texans,Angelo Blackson,68,RE,2750000
Cincinnati Bengals,Cethan Carter,68,FB,2600000
Denver Broncos,Nick Vannett,68,TE,2666667
Denver Broncos,Elijah Wilkinson,68,LG,1127500
Los Angeles Chargers,Malik Jefferson,68,ROLB,965000
Kansas Chiefs,Ben Niemann,68,MLB,1570000
New York Jets,George Fant,68,RT,9200000
New York Jets,Harvey Langi,68,LOLB,1185000
New York Jets,Harvey Langi,68,LOLB,982500
Miami Dolphins,Brandon Jones,68,FS,1218276
New York Jets,Jabari Zuniga,68,LOLB,837500
Jacksonville Jaguars,Josiah Scott,68,CB,984734
New England Patriots,Derek Rivers,68,LE,1050000
Kansas Chiefs,Darrel Williams,68,HB,1600000
Baltimore Ravens,Jihad Ward,68,LE,2500000
Washington Commanders,Nate Orchard,68,RE,990000
Cincinnati Bengals,Jordan Evans,67,ROLB,1127500
Cincinnati Bengals,Drew Sample,67,TE,1376574
Indianapolis Colts,Sheldon Day,67,DT,990000
Indianapolis Colts,Al-Quadin Muhammad,67,RE,2920000
Atlanta Falcons,James Carpenter,67,LG,1075000
Atlanta Falcons,Younghoe Koo,67,K,920000
Atlanta Falcons,Kaleb McGary,67,RT,2566436
Jacksonville Jaguars,Josh Oliver,67,TE,1062711
San Francisco 49ers,Marcell Harris,67,SS,1200000
Philadelphia Eagles,Rudy Ford,67,SS,2100000
Miami Dolphins,Steven Parker,67,FS,850000
Carolina Panthers,John Miller,67,RG,1127500
Las Vegas Raiders,Nicholas Morrow,67,MLB,4500000
Atlanta Falcons,Brian Hill,67,HB,252000
Los Angeles Rams,John Kelly,67,HB,965000
Los Angeles Rams,John Kelly,67,HB,165600
Houston Texans,Chad Hansen,67,WR,895000
Houston Texans,Chad Hansen,67,WR,165600
Minnesota Vikings,Armon Watts,67,DT,672274
Tampa Bay Buccaneers,Anthony Nelson,67,LOLB,823760
Indianapolis Colts,Matthew Adams,67,ROLB,640396
Miami Dolphins,Josh Rosen,67,QB,850000
Atlanta Falcons,Matt Hennessy,67,C,1171594
New York Giants,Austin Johnson,67,RE,3000000
Jacksonville Jaguars,C.J. Board,67,WR,920000
Detroit Lions,Halapoulivaati Vaitai,67,RT,9000000
Green Bay Packers,Josiah Deguara,67,TE,1104921
Miami Dolphins,Adrian Colbert,67,FS,252000
Baltimore Ravens,DeShon Elliott,67,FS,654450
Cincinnati Bengals,Torry McTyer,67,CB,990000
Los Angeles Rams,Terrell Lewis,67,LOLB,1138893
New Orleans Saints,Michael Burton,67,FB,990000
Pittsburgh Steelers,Chris Wormley,67,DT,4500000
San Francisco 49ers,Tom Compton,67,RG,1075000
Cleveland Browns,Porter Gustin,67,LE,850000
Cleveland Browns,Jacob Phillips,67,MLB,1086078
Tampa Bay Buccaneers,Justin Watson,67,WR,1035000
Dallas Cowboys,Dalton Schultz,67,TE,10931000
Cleveland Browns,Case Keenum,67,QB,6000000
Philadelphia Eagles,Davion Taylor,67,ROLB,1078323
Atlanta Falcons,LaRoy Reynolds,67,ROLB,252000
New York Jets,John Franklin-Myers,67,LE,13750000
New York Jets,Jonotthan Harrison,67,C,306000
New York Giants,Nate Ebner,67,SS,1212500
New York Giants,Darnay Holmes,67,CB,1021722
Baltimore Ravens,Anthony Averett,67,CB,780250
Las Vegas Raiders,Tanner Muse,67,ROLB,780000
Las Vegas Raiders,Kyle Wilber,67,LOLB,990000
Tennessee Titans,MyCole Pruitt,67,TE,990000
Minnesota Vikings,Dru Samia,67,RG,895000
Minnesota Vikings,Dru Samia,67,RG,165600
Cincinnati Bengals,Austin Calitro,67,MLB,252000
Cincinnati Bengals,Billy Price,67,LG,2928123
St. Louis Cardinals,Trent Sherfield,67,WR,920000
Los Angeles Chargers,Joe Reed,67,WR,875000
Los Angeles Chargers,Isaac Rochell,67,LE,2500000
Jacksonville Jaguars,Collin Johnson,67,WR,900538
Buffalo Bills,Jaquan Johnson,67,FS,676085
Carolina Panthers,T.J. Green,67,CB,1035000
Carolina Panthers,T.J. Green,67,CB,252000
New York Giants,Corey Ballentine,67,CB,975000
New York Giants,Corey Ballentine,67,CB,165600
Cincinnati Bengals,Greg Mabin,67,CB,990000
New York Jets,Bryce Hall,67,CB,902700
Kansas Chiefs,L'Jarius Sneed,67,FS,982330
New England Patriots,Anfernee Jennings,67,LOLB,1125982
Buffalo Bills,Christian Wade,67,HB,742500
Tampa Bay Buccaneers,Dare Ogunbowale,67,HB,850000
Minnesota Vikings,Mike Boone,67,HB,1925000
New Orleans Saints,Shy Tuttle,67,DT,586667
Pittsburgh Steelers,Alex Highsmith,67,ROLB,1076703
Tennessee Titans,Greg Joseph,67,K,780000
Minnesota Vikings,Chad Beebe,67,WR,920000
Minnesota Vikings,Jaleel Johnson,67,DT,990000
Chicago Bears,Eric Saubert,67,TE,990000
Cincinnati Bengals,Xavier Su'a-Filo,67,LG,252000
Cleveland Browns,Harrison Bryant,67,TE,1016008
Cleveland Browns,Tae Davis,67,LOLB,1065000
Los Angeles Chargers,Dan Feeney,67,LG,3500000
Miami Dolphins,Robert Hunt,67,RG,2016436
Detroit Lions,Austin Bryant,67,LE,813158
Detroit Lions,Quintez Cephus,67,WR,899823
Green Bay Packers,Equanimeous St. Brown,67,WR,850000
Los Angeles Chargers,Joshua Kelley,67,HB,1018836
New England Patriots,J.J. Taylor,67,HB,761667
Seattle Seahawks,L.J. Collier,67,RE,2709020
Minnesota Vikings,Eddie Yarbrough,67,RE,252000
Los Angeles Chargers,Damion Square,66,DT,252000
Kansas Chiefs,Andrew Wylie,66,LG,920000
Jacksonville Jaguars,Lerentee McCray,66,LE,1047500
New York Jets,Chuma Edoga,66,RT,896750
Detroit Lions,Travis Fulgham,66,WR,895000
Detroit Lions,Travis Fulgham,66,WR,165600
Carolina Panthers,Efe Obada,66,LE,1500000
New England Patriots,Justin Bethel,66,CB,2000000
New England Patriots,Matt LaCosse,66,TE,293000
Chicago Bears,Kevin Toliver II,66,CB,965000
Chicago Bears,Kevin Toliver II,66,CB,252000
Minnesota Vikings,Cameron Dantzler,66,CB,1121289
Los Angeles Chargers,Alohi Gilman,66,SS,870719
Kansas Chiefs,Darwin Thompson,66,HB,895000
New York Jets,La'Mical Perine,66,HB,1010086
Houston Texans,Cullen Gillaspia,66,FB,850000
San Francisco 49ers,Mark Nzeocha,66,LOLB,252000
Chicago Bears,Darnell Mooney,66,WR,894262
Tampa Bay Buccaneers,Jeremiah Ledbetter,66,RE,895000
Tampa Bay Buccaneers,Jeremiah Ledbetter,66,RE,165600
Philadelphia Eagles,Daeshon Hall,66,LE,1035000
New York Jets,Bronson Kaufusi,66,RE,165600
Detroit Lions,Tyrell Crosby,66,RT,686921
Carolina Panthers,Pharoh Cooper,66,WR,304000
Carolina Panthers,Jordan Kunaszyk,66,ROLB,850000
Carolina Panthers,Corn Elder,66,CB,1055000
Philadelphia Eagles,Tremon Smith,66,CB,1400000
Seattle Seahawks,Damien Lewis,66,RG,1225537
Denver Broncos,Juwann Winfree,66,WR,837500
Cleveland Browns,KhaDarel Hodge,66,WR,1000000
Tampa Bay Buccaneers,Alex Cappa,66,RG,842176
St. Louis Cardinals,Dan Arnold,66,TE,3000000
St. Louis Cardinals,Tanner Vallejo,66,MLB,1650000
St. Louis Cardinals,Ryan Winslow,66,P,825000
Indianapolis Colts,Chase McLaughlin,66,K,762500
San Francisco 49ers,Nick Mullens,66,QB,920000
New York Jets,Kyle Phillips,66,LOLB,586667
New England Patriots,Dalton Keene,66,TE,1078703
Miami Dolphins,Myles Gaskin,66,HB,651777
Seattle Seahawks,B.J. Finney,66,C,990000
Tennessee Titans,Cameron Batson,66,WR,762500
Minnesota Vikings,Ezra Cleveland,66,LT,1384304
Minnesota Vikings,Brett Jones,66,C,990000
Denver Broncos,Troy Fumagalli,66,TE,850000
Denver Broncos,Albert Okwuegbunam,66,TE,1011011
Cleveland Browns,Donovan Peoples-Jones,66,WR,870402
Cleveland Browns,Justin Zimmer,66,DT,851250
Tampa Bay Buccaneers,Jaydon Mickens,66,WR,990000
St. Louis Cardinals,Jonathan Bullard,66,RE,990000
Indianapolis Colts,Zaire Franklin,66,ROLB,636764
Atlanta Falcons,Mykal Walker,66,LOLB,1010271
New York Giants,Ryan Connelly,66,MLB,714044
Detroit Lions,Elijah Lee,66,ROLB,990000
Denver Broncos,Davontae Harris,66,CB,920000
Jacksonville Jaguars,Ryquell Armstead,66,HB,907500
Washington Commanders,Khaleke Hudson,66,ROLB,901901
Detroit Lions,Jason Huntley,66,HB,860000
Seattle Seahawks,Phil Haynes,66,LG,850000
Pittsburgh Steelers,Chukwuma Okorafor,66,LT,851841
Houston Texans,Isaiah Coulter,66,WR,825000
Houston Texans,Isaiah Coulter,66,WR,233866
Cincinnati Bengals,Bobby Hart,66,RT,990000
Cincinnati Bengals,Khalid Kareem,66,LE,912369
St. Louis Cardinals,Kylie Fitts,66,LOLB,920000
Indianapolis Colts,Mo Alie-Cox,66,TE,3384000
New York Jets,Vyncint Smith,66,WR,965000
Detroit Lions,Nick Bawden,66,FB,780000
Carolina Panthers,Dennis Daley,66,LG,661960
Carolina Panthers,Chris Smith,66,RE,1075000
Houston Texans,John Reid,66,CB,780000
Cincinnati Bengals,Samaje Perine,66,HB,1650000
New Orleans Saints,James Hurst,66,RT,3000000
Houston Texans,Jonathan Greenard,66,LOLB,1118889
Denver Broncos,Diontae Spencer,65,WR,850000
St. Louis Cardinals,Michael Dogbe,65,LE,850000
Los Angeles Chargers,Scott Quessenberry,65,C,686063
Kansas Chiefs,Tommy Townsend,65,P,764167
Philadelphia Eagles,Quez Watkins,65,WR,866165
New York Giants,Cameron Fleming,65,RT,1415000
New York Giants,Spencer Pulley,65,C,252000
New York Jets,Neville Hewitt,65,MLB,1700000
Green Bay Packers,Kingsley Keke,65,RE,708317
Chicago Bears,Deon Bush,65,SS,1500000
Los Angeles Rams,Brian Allen,65,C,786734
Los Angeles Rams,Brian Allen,65,C,165600
Seattle Seahawks,Brian Allen,64,CB,786734
Seattle Seahawks,Brian Allen,64,CB,165600
Atlanta Falcons,Jordan Miller,65,CB,965000
Atlanta Falcons,Jordan Miller,65,CB,165600
Miami Dolphins,Jamal Perry,65,SS,850000
Los Angeles Rams,Micah Kiser,65,MLB,850000
Los Angeles Rams,Joseph Noteboom,65,LG,863011
Los Angeles Rams,Troy Reeder,65,MLB,589000
Washington Commanders,Richard Rodgers,65,TE,1120000
Washington Commanders,Cam Sims,65,WR,2133000
Washington Commanders,Jeremy Sprinkle,65,TE,990000
Cincinnati Bengals,Trayveon Williams,65,HB,907500
Cleveland Browns,Dontrell Hilliard,65,HB,920000
Houston Texans,Kahale Warring,65,TE,780000
Tampa Bay Buccaneers,Josh Wells,65,LT,1127500
St. Louis Cardinals,Justin Murray,65,RT,2750000
Los Angeles Chargers,Ty Long,65,P,850000
Indianapolis Colts,Grover Stewart,65,DT,10250000
Atlanta Falcons,Justin McCray,65,LT,2000000
New York Giants,Kaden Smith,65,TE,680002
New York Jets,Trevon Wesco,65,TE,806643
Detroit Lions,Jalen Reeves-Maybin,65,MLB,2337500
Green Bay Packers,Montravius Adams,65,RE,990000
New England Patriots,Jakob Johnson,65,FB,850000
Minnesota Vikings,Josh Metellus,65,FS,823750
Atlanta Falcons,Sharrod Neasman,65,FS,252000
Green Bay Packers,Dexter Williams,65,HB,850000
Seattle Seahawks,Nick Bellore,65,FB,2225000
Tennessee Titans,Isaiah Mack,65,LE,965000
Tennessee Titans,Isaiah Mack,65,LE,165600
Minnesota Vikings,Troy Dye,65,MLB,993393
San Francisco 49ers,Ross Dwelley,65,TE,1600000
San Francisco 49ers,Joe Walker,65,MLB,1035000
Chicago Bears,Devante Bond,65,ROLB,1022500
Chicago Bears,Devante Bond,65,ROLB,252000
Denver Broncos,Justin Hollins,65,ROLB,706724
Miami Dolphins,Michael Deiter,65,RG,953562
Miami Dolphins,Zach Sieler,65,LE,2858333
Washington Commanders,Kyle Allen,65,QB,850000
Atlanta Falcons,Olamide Zaccheaus,65,WR,586667
Jacksonville Jaguars,Joe Giles-Harris,65,LOLB,895000
Jacksonville Jaguars,Joe Giles-Harris,65,LOLB,241644
Detroit Lions,Jack Fox,65,P,780000
Los Angeles Chargers,Brandon Facyson,65,CB,920000
Los Angeles Rams,Darious Williams,65,CB,4766000
Tennessee Titans,Tye Smith,65,CB,293000
Los Angeles Rams,Brycen Hopkins,65,TE,987033
Baltimore Ravens,James Proche,65,WR,865775
Washington Commanders,Wes Schweitzer,65,LG,4500000
St. Louis Cardinals,Eno Benjamin,65,HB,849429
New Orleans Saints,Taylor Stallworth,65,DT,920000
Seattle Seahawks,Colby Parkinson,65,TE,991360
Seattle Seahawks,John Ursua,65,WR,780000
Tennessee Titans,Derick Roberson,65,ROLB,585000
Minnesota Vikings,K.J. Osborn,65,WR,890693
Cincinnati Bengals,Andrew Brown,65,RE,895000
Cincinnati Bengals,Andrew Brown,65,RE,165600
Buffalo Bills,Tyler Matakevich,65,MLB,2500000
Indianapolis Colts,Ashton Dulin,65,WR,850000
Green Bay Packers,Oren Burks,65,MLB,863689
St. Louis Cardinals,Chris Banjo,65,SS,1075000
Las Vegas Raiders,John Simpson,65,LG,1022946
Minnesota Vikings,Nate Meadors,65,CB,825000
Minnesota Vikings,Nate Meadors,65,CB,165600
Washington Commanders,Deshazor Everett,65,SS,2000000
Baltimore Ravens,Ben Powers,65,LG,804383
Baltimore Ravens,Andre Smith,65,RT,1200000
Carolina Panthers,Andre Smith,62,MLB,1200000
Seattle Seahawks,Travis Homer,65,HB,665840
Seattle Seahawks,Demarcus Christmas,65,DT,780000
Houston Texans,Carlos Watkins,65,LE,1750000
Minnesota Vikings,Jalyn Holmes,65,LE,920000
San Francisco 49ers,Justin Skule,65,LT,674887
Chicago Bears,Trevis Gipson,65,LOLB,905168
Chicago Bears,Joel Iyiegbuniwe,65,MLB,784644
Dallas Cowboys,Bradlee Anae,65,LE,905000
Miami Dolphins,Jesse Davis,65,RT,5016667
Jacksonville Jaguars,Dakota Allen,65,LOLB,850000
Dallas Cowboys,Donovan Wilson,65,SS,661960
Las Vegas Raiders,Derek Carrier,65,TE,1075000
Jacksonville Jaguars,Daniel Thomas,65,SS,903029
Buffalo Bills,Siran Neal,65,SS,3000000
San Francisco 49ers,Dontae Johnson,65,CB,1075000
Buffalo Bills,Dane Jackson,65,CB,855000
Los Angeles Rams,Greg Dortch,65,WR,837500
Washington Commanders,Wes Martin,65,RG,907500
Washington Commanders,Tim Settle,65,DT,682011
Seattle Seahawks,Alton Robinson,65,RE,911586
Houston Texans,Senio Kelemete,65,LG,1075000
Minnesota Vikings,D.J. Wonnum,65,RE,1011445
Tampa Bay Buccaneers,Rakeem Nunez-Roches,64,LE,2500000
Los Angeles Chargers,Stephen Anderson,64,TE,920000
Miami Dolphins,Curtis Weaver,64,LOLB,705000
Miami Dolphins,Curtis Weaver,64,LOLB,165600
Atlanta Falcons,Austin Larkin,64,RE,895000
Atlanta Falcons,Austin Larkin,64,RE,165600
Detroit Lions,Miles Killebrew,64,ROLB,1127500
Los Angeles Rams,David Edwards,64,LT,696130
Atlanta Falcons,Jaylinn Hawkins,64,SS,990478
Minnesota Vikings,Harrison Hand,64,CB,898446
Baltimore Ravens,Tyre Phillips,64,RG,1031823
Dallas Cowboys,C.J. Goodwin,64,CB,1750000
Carolina Panthers,Juston Burris,64,SS,4000000
Pittsburgh Steelers,Isaiah Buggs,64,RE,165600
Atlanta Falcons,Qadree Ollison,64,HB,850000
Buffalo Bills,Jonathan Woodard,64,RE,895000
Denver Broncos,Joel Heath,64,DT,990000
Los Angeles Chargers,Gabe Nabers,64,FB,761667
Indianapolis Colts,Gerri Green,64,LE,705000
Indianapolis Colts,Gerri Green,64,LE,165600
Miami Dolphins,Durham Smythe,64,TE,773058
New York Giants,Carter Coughlin,64,LOLB,851286
Detroit Lions,Jason Cabinda,64,MLB,2050000
New England Patriots,Ryan Izzo,64,TE,872500
Los Angeles Rams,Justin Lawler,64,LOLB,895000
Los Angeles Rams,Justin Lawler,64,LOLB,339999
Jacksonville Jaguars,Doug Middleton,64,FS,252000
Chicago Bears,Xavier Crawford,64,CB,881306
Miami Dolphins,Tae Hayes,64,CB,165600
Washington Commanders,Logan Thomas,64,TE,8021667
New Orleans Saints,Tommylee Lewis,64,WR,252000
Seattle Seahawks,DeeJay Dallas,64,HB,947350
Pittsburgh Steelers,Trey Edmunds,64,HB,1035000
Pittsburgh Steelers,Trey Edmunds,64,HB,252000
Tennessee Titans,Cody Hollister,64,WR,895000
Tennessee Titans,Cody Hollister,64,WR,165600
Minnesota Vikings,Aviante Collins,64,LT,952500
Minnesota Vikings,Aviante Collins,64,LT,165600
Cincinnati Bengals,Josh Tupou,64,DT,2133000
St. Louis Cardinals,Dylan Cantrell,64,TE,780000
Los Angeles Chargers,Emeke Egbule,64,LOLB,965000
Los Angeles Chargers,Emeke Egbule,64,LOLB,203622
Buffalo Bills,Matt Barkley,64,QB,252000
New York Jets,Daniel Brown,64,TE,252000
New York Jets,Cameron Clark,64,LG,996498
Detroit Lions,Reggie Ragland,64,MLB,1127500
Green Bay Packers,Billy Turner,64,RG,7000000
New York Giants,Sean Chandler,64,FS,920000
Los Angeles Rams,Kenny Young,64,MLB,774975
Miami Dolphins,Ken Webster,64,CB,165600
Los Angeles Chargers,Tevaughn Campbell,64,CB,907500
Washington Commanders,Cameron Malveaux,64,LE,1022500
Washington Commanders,Cameron Malveaux,64,LE,214044
Minnesota Vikings,Tyler Conklin,64,TE,685258
San Francisco 49ers,Kentavius Street,64,DT,767550
Buffalo Bills,Isaiah Hodgins,64,WR,787500
Buffalo Bills,Isaiah Hodgins,64,WR,165600
Buffalo Bills,Mike Love,64,RE,887500
Buffalo Bills,Tommy Sweeney,64,TE,654138
Denver Broncos,Justin Strnad,64,MLB,883194
Cleveland Browns,Nick Harris,64,C,902412
St. Louis Cardinals,Rashard Lawrence,64,RE,994771
Los Angeles Chargers,K.J. Hill,64,WR,165600
Kansas Chiefs,Gehrig Dieter,64,WR,895000
Kansas Chiefs,Gehrig Dieter,64,WR,165600
Indianapolis Colts,Dezmon Patmon,64,WR,856103
Miami Dolphins,Austin Jackson,64,LT,3410088
New Orleans Saints,Taysom Hill,64,QB,10000000
New York Jets,Jeff Smith,64,WR,780000
Carolina Panthers,Tyler Larsen,64,C,1040000
Los Angeles Rams,Austin Corbett,64,LG,1879599
Chicago Bears,Kindle Vildor,64,CB,901418
St. Louis Cardinals,Kevin Peterson,64,CB,256222
New Orleans Saints,Lil'Jordan Humphrey,64,WR,850000
Tennessee Titans,Dennis Kelly,64,RT,1325000
Cleveland Browns,Drew Forbes,64,LG,672334
Cleveland Browns,Colby Gossett,64,RG,577500
Kansas Chiefs,Lucas Niang,64,RT,1094604
Atlanta Falcons,Brandon Powell,64,WR,920000
St. Louis Cardinals,Brett Hundley,64,QB,252000
Jacksonville Jaguars,Shaquille Quarterman,64,MLB,947350
Detroit Lions,Hunter Bryant,64,TE,768333
Carolina Panthers,Bravvion Roy,64,DT,872243
Las Vegas Raiders,Brandon Parker,64,LT,1023834
Carolina Panthers,Natrell Jamerson,64,SS,965000
Carolina Panthers,Natrell Jamerson,64,SS,252000
Baltimore Ravens,Ben Bredeson,64,LG,947350
Kansas Chiefs,Armani Watts,64,FS,780308
Seattle Seahawks,Brandon Shell,64,RT,4500000
Carolina Panthers,Jordan Scarlett,64,HB,165600
Minnesota Vikings,James Lynch,64,DT,996498
Minnesota Vikings,Kenny Willekes,64,LE,742500
San Francisco 49ers,Jauan Jennings,63,WR,660000
Cincinnati Bengals,Mike Thomas,63,WR,1015000
Cleveland Browns,Pharaoh Brown,63,TE,1600000
Tampa Bay Buccaneers,Khalil Davis,63,LE,895000
Tampa Bay Buccaneers,Khalil Davis,63,LE,165600
Dallas Cowboys,Tyler Biadasz,63,C,947350
Philadelphia Eagles,Shaun Bradley,63,LOLB,866605
Philadelphia Eagles,Anthony Rush,63,DT,850000
Atlanta Falcons,Christian Blake,63,WR,850000
New York Giants,Eric Tomlinson,63,TE,990000
New York Jets,Arthur Maulet,63,CB,990000
Indianapolis Colts,Isaiah Rodgers,63,CB,860031
Kansas Chiefs,Javaris Davis,63,CB,787500
Kansas Chiefs,Javaris Davis,63,CB,193067
Miami Dolphins,Nate Brooks,63,CB,825000
Miami Dolphins,Nate Brooks,63,CB,165600
Pittsburgh Steelers,Olasunkanmi Adeniyi,63,ROLB,1000000
San Francisco 49ers,Azeez Al-Shaair,63,ROLB,590000
San Francisco 49ers,Alex Barrett,63,RE,825000
San Francisco 49ers,Alex Barrett,63,RE,165600
Chicago Bears,James Vaughters,63,LOLB,907500
Los Angeles Chargers,Cortez Broughton,63,DT,895000
Los Angeles Chargers,Cortez Broughton,63,DT,165600
Philadelphia Eagles,Jack Driscoll,63,RG,947350
Philadelphia Eagles,Joe Ostman,63,LE,837500
Jacksonville Jaguars,Ben Bartch,63,LT,1014653
Green Bay Packers,Ty Summers,63,MLB,654476
Carolina Panthers,Brandon Zylstra,63,WR,920000
Los Angeles Rams,Nsimba Webster,63,WR,965000
Los Angeles Rams,Nsimba Webster,63,WR,204844
Baltimore Ravens,Patrick Mekari,63,C,5150000
Washington Commanders,Kamren Curl,63,SS,852082
Denver Broncos,De'Vante Bausby,63,CB,252000
Dallas Cowboys,Chris Westry,63,CB,660000
San Francisco 49ers,Tim Harris,63,CB,789000
San Francisco 49ers,Tim Harris,63,CB,165600
Seattle Seahawks,Freddie Swain,63,WR,856103
Carolina Panthers,Reggie Bonnafon,63,HB,895000
Carolina Panthers,Reggie Bonnafon,63,HB,165600
San Francisco 49ers,Kevin Givens,63,DT,535000
Chicago Bears,J.P. Holtz,63,TE,850000
Philadelphia Eagles,T.J. Edwards,63,MLB,2150000
Philadelphia Eagles,Casey Toohill,63,RE,846758
Pittsburgh Steelers,Mason Rudolph,63,QB,4985199
Detroit Lions,Chase Daniel,63,QB,1075000
Detroit Lions,Jonah Jackson,63,RG,1187202
Pittsburgh Steelers,Marcus Allen,63,FS,850000
Jacksonville Jaguars,Andrew Wingard,63,SS,586667
Denver Broncos,Trey Marshall,63,SS,920000
Los Angeles Rams,Jordan Fuller,63,SS,866427
Seattle Seahawks,Ryan Neal,63,CB,920000
New Orleans Saints,Carl Granderson,63,LE,590000
Las Vegas Raiders,Jordan Brown,63,CB,705000
Las Vegas Raiders,Jordan Brown,63,CB,165600
Philadelphia Eagles,Elijah Holyfield,63,HB,705000
Philadelphia Eagles,Elijah Holyfield,63,HB,165600
Tennessee Titans,Larrell Murchison,63,RE,893186
Minnesota Vikings,Rashod Hill,63,RT,2377500
Cincinnati Bengals,Markus Bailey,63,MLB,852174
Los Angeles Chargers,Jason Moore,63,WR,895000
Los Angeles Chargers,Jason Moore,63,WR,203622
Indianapolis Colts,E.J. Speed,63,LOLB,702349
Miami Dolphins,Julie'n Davenport,63,LT,1127500
Indianapolis Colts,Jacob Eason,63,QB,1006816
Carolina Panthers,Woodrow Hamilton,63,DT,165600
Las Vegas Raiders,Denzelle Good,63,RG,4180000
Philadelphia Eagles,Marcus Epps,63,FS,672189
Las Vegas Raiders,Dallin Leavitt,63,SS,850000
St. Louis Cardinals,Charles Washington,63,FS,1127500
Pittsburgh Steelers,Kevin Dotson,63,LG,988453
Pittsburgh Steelers,Tuzar Skipper,63,LOLB,952500
Pittsburgh Steelers,Tuzar Skipper,63,LOLB,165600
San Francisco 49ers,Charlie Woerner,63,TE,869008
St. Louis Cardinals,Mason Cole,63,C,805379
Los Angeles Chargers,Jalen Guyton,63,WR,585000
Indianapolis Colts,Robert Windsor,63,DT,660000
Dallas Cowboys,Justin Hamilton,63,DT,920000
Dallas Cowboys,Joe Jackson,63,RE,965000
Dallas Cowboys,Joe Jackson,63,RE,165600
Philadelphia Eagles,Prince Tega Wanogho,63,LT,742500
Carolina Panthers,Will Grier,63,QB,963249
Detroit Lions,Oday Aboushi,63,RG,1600000
New England Patriots,Byron Cowart,63,DT,705149
Washington Commanders,Jordan Brailford,63,LE,825000
Washington Commanders,Jordan Brailford,63,LE,165600
Cincinnati Bengals,Trayvon Henderson,63,SS,895000
Cincinnati Bengals,Trayvon Henderson,63,SS,203622
Washington Commanders,James Smith-Williams,63,RE,848175
Chicago Bears,Duke Shelley,63,CB,661960
Minnesota Vikings,Davion Davis,63,WR,895000
Minnesota Vikings,Davion Davis,63,WR,780000
Kansas Chiefs,Demone Harris,62,LE,1035000
Kansas Chiefs,Demone Harris,62,LE,165600
Philadelphia Eagles,Alex Singleton,62,MLB,850000
Detroit Lions,Logan Stenberg,62,LG,1009161
Carolina Panthers,Omar Bayless,62,WR,705000
Seattle Seahawks,Jamarco Jones,62,LT,676251
Pittsburgh Steelers,Ulysees Gilbert III,62,MLB,661960
San Francisco 49ers,Daniel Brunskill,62,RT,850000
Chicago Bears,Jesper Horsted,62,TE,780000
Tampa Bay Buccaneers,Joe Haeg,62,RT,2300000
Indianapolis Colts,Jordan Glasgow,62,ROLB,856103
Indianapolis Colts,Skai Moore,62,MLB,577500
Atlanta Falcons,Austin Edwards,62,LE,705000
Atlanta Falcons,Keith Smith,62,FB,1453333
Jacksonville Jaguars,Joshua Dobbs,62,QB,1040000
Los Angeles Chargers,Easton Stick,62,QB,699655
Jacksonville Jaguars,Tyler Shatley,62,LG,2400000
New England Patriots,Brian Hoyer,62,QB,1075000
Detroit Lions,Kevin Strong,62,DT,907500
Baltimore Ravens,Chris Board,62,MLB,1683000
Washington Commanders,Saahdiq Charles,62,LT,1023592
New Orleans Saints,J.T. Gray,62,SS,2000000
Houston Texans,Cornell Armstrong,62,CB,990000
Tampa Bay Buccaneers,Parnell Motley,62,CB,825000
Tampa Bay Buccaneers,Parnell Motley,62,CB,165600
Philadelphia Eagles,Craig James,62,CB,965000
Philadelphia Eagles,Craig James,62,CB,252000
Tennessee Titans,Jamil Douglas,62,RG,920000
Tampa Bay Buccaneers,Pat O'Connor,62,RE,920000
Miami Dolphins,Trent Harris,62,LOLB,965000
Buffalo Bills,Jake Fromm,62,QB,780000
New England Patriots,Michael Onwenu,62,RG,874367
Washington Commanders,Thaddeus Moss,62,TE,705000
Washington Commanders,Thaddeus Moss,62,TE,193067
New Orleans Saints,Garrett Griffin,62,TE,850000
Kansas Chiefs,Antonio Hamilton,62,CB,990000
Minnesota Vikings,Kris Boyd,62,CB,657419
Washington Commanders,Danny Johnson,62,CB,660000
Tampa Bay Buccaneers,Raymond Calais,62,HB,761667
Cleveland Browns,Daniel Ekuale,62,DT,1110000
St. Louis Cardinals,Darrell Daniels,62,TE,1127500
Dallas Cowboys,Blake Bell,62,TE,1127500
Detroit Lions,Frank Herron,62,LE,895000
Detroit Lions,Frank Herron,62,LE,185222
Detroit Lions,John Penisini,62,DT,866544
New England Patriots,Tashawn Bower,62,LOLB,920000
Washington Commanders,Ross Pierschbacher,62,C,895000
Washington Commanders,Ross Pierschbacher,62,C,165600
Tennessee Titans,Chris Milton,62,CB,252000
Jacksonville Jaguars,Devine Ozigbo,62,HB,990000
Cleveland Browns,Eli Ankou,62,DT,1035000
Cleveland Browns,Eli Ankou,62,DT,317000
Atlanta Falcons,Edmond Robinson,62,LOLB,252000
Tampa Bay Buccaneers,Blaine Gabbert,62,QB,2000000
Detroit Lions,Jamal Agnew,62,WR,4750000
Green Bay Packers,Kamal Martin,62,MLB,837500
Baltimore Ravens,Otaro Alaka,62,MLB,588333
Detroit Lions,C.J. Moore,62,FS,587333
Green Bay Packers,Will Redmond,62,FS,1035000
Los Angeles Chargers,Donald Parham,61,TE,695000
New York Giants,Shane Lemieux,61,LG,910535
New York Giants,Chris Slayton,61,LE,705000
New York Giants,Chris Slayton,61,LE,165600
New England Patriots,Jarrett Stidham,61,QB,789028
Green Bay Packers,Jonathan Garvin,61,ROLB,843571
Atlanta Falcons,Jamal Carter,61,SS,895000
Atlanta Falcons,Jamal Carter,61,SS,285222
Los Angeles Rams,Jake Gervase,61,FS,837500
Baltimore Ravens,Nigel Warrior,61,SS,660000
Cincinnati Bengals,Brandon Wilson,61,FS,2062500
Denver Broncos,Jonathan Harris,61,LE,895000
Tampa Bay Buccaneers,Quinton Bell,61,LE,825000
Tampa Bay Buccaneers,Quinton Bell,61,LE,165600
Tampa Bay Buccaneers,Tanner Hudson,61,TE,1035000
Atlanta Falcons,Jaeden Graham,61,TE,850000
Denver Broncos,Jeff Driskel,61,QB,990000
Green Bay Packers,Curtis Bolton,61,MLB,837500
Minnesota Vikings,Olisaemeka Udoh,61,RT,671900
San Francisco 49ers,Colton McKivitz,61,RG,780000
Dallas Cowboys,Jalen Jelks,61,LE,675000
Houston Texans,A.J. McCarron,61,QB,1212500
Washington Commanders,Jared Norris,61,MLB,990000
Pittsburgh Steelers,Carlos Davis,61,LE,847126
Green Bay Packers,Vernon Scott,61,FS,844672
Tennessee Titans,Nick Dzubnar,61,MLB,1115000
Denver Broncos,Andrew Beck,61,TE,590000
Cleveland Browns,Stephen Carlson,61,TE,850000
Indianapolis Colts,Danny Pinter,61,RG,910924
New York Giants,Tae Crowder,61,MLB,842623
New York Giants,Colt McCoy,61,QB,1212500
Green Bay Packers,Tipa Galeai,61,LOLB,742500
Los Angeles Rams,Nick Scott,61,FS,649332
Las Vegas Raiders,Keisean Nixon,61,CB,590000
Tennessee Titans,Chris Jackson,61,CB,843320
Chicago Bears,Abdullah Anderson,61,RE,165600
Cincinnati Bengals,Michael Jordan,61,LG,907500
Tampa Bay Buccaneers,Antony Auclair,61,TE,990000
Los Angeles Chargers,Joe Gaziano,61,RE,837500
Kansas Chiefs,Deon Yelder,61,TE,1035000
Kansas Chiefs,Deon Yelder,61,TE,252000
Jacksonville Jaguars,Tyler Davis,61,TE,837500
New England Patriots,Hjalte Froholdt,61,LG,895000
New England Patriots,Hjalte Froholdt,61,LG,165600
Los Angeles Rams,Marquise Copeland,61,LE,742500
Washington Commanders,Keith Ismael,61,C,780000
Houston Texans,Roderick Johnson,61,RT,965000
Houston Texans,Roderick Johnson,61,RT,252000
Los Angeles Chargers,Jessie Lemonier,60,RE,780000
New England Patriots,Yodny Cajuste,60,LT,870545
Seattle Seahawks,Emmanuel Ellerbee,60,ROLB,780000
Seattle Seahawks,Stephen Sullivan,60,WR,742500
Atlanta Falcons,Chris Cooper,60,FS,705000
Kansas Chiefs,Rodney Clemons,60,SS,787500
Tampa Bay Buccaneers,Mazzi Wilkins,60,CB,165600
Jacksonville Jaguars,Chris Claybrooks,60,CB,849347
Cleveland Browns,Tavierre Thomas,60,CB,2000000
Minnesota Vikings,Dakota Dozier,60,LG,1075000
Cincinnati Bengals,Isaiah Prince,60,RT,667580
Denver Broncos,Josh Watson,60,MLB,895000
Denver Broncos,Josh Watson,60,MLB,165600
Tampa Bay Buccaneers,Noah Dawkins,60,MLB,895000
Atlanta Falcons,Jacob Tuioti-Mariner,60,DT,907500
New York Giants,Cam Brown,60,MLB,873341
New England Patriots,Brandon King,60,ROLB,1750000
New Orleans Saints,Calvin Throckmorton,60,RG,742500
Pittsburgh Steelers,Robert Spillane,60,MLB,850000
New York Giants,Chris Williamson,60,CB,882500
Los Angeles Chargers,Sam Tevi,60,RT,2510000
Dallas Cowboys,Luke Gifford,60,MLB,586667
Miami Dolphins,Danny Isidora,60,RG,1035000
Miami Dolphins,Danny Isidora,60,RG,252000
Miami Dolphins,Solomon Kindley,60,LG,1019893
Philadelphia Eagles,Bruce Hector,60,DT,965000
Philadelphia Eagles,Bruce Hector,60,DT,203622
New York Jets,Josh Andrews,60,LG,1127500
New York Jets,James Morgan,60,QB,825000
New York Jets,James Morgan,60,QB,165600
New York Jets,James Morgan,60,QB,165600
Houston Texans,Charlie Heck,60,LT,1001426
Chicago Bears,DeAndre Houston-Carson,60,FS,1127500
Tennessee Titans,Joshua Kalu,60,FS,920000
St. Louis Cardinals,Jalen Davis,60,CB,1035000
Cincinnati Bengals,Jordan Franks,60,TE,825000
Denver Broncos,Kyle Peko,60,DT,990000
New England Patriots,Gunner Olszewski,60,WR,585833
Washington Commanders,Caleb Wilson,60,TE,165600
Cincinnati Bengals,Hakeem Adeniji,60,RG,876722
Cincinnati Bengals,Mason Schreck,60,TE,252000
Denver Broncos,Tyrie Cleveland,60,WR,837500
Detroit Lions,Jashon Cornell,60,DT,844883
Los Angeles Rams,Johnny Mundt,60,TE,920000
Baltimore Ravens,Chauncey Rivers,60,LOLB,660000
Houston Texans,Greg Mancz,60,C,990000
Atlanta Falcons,Craig Reynolds,60,HB,907500
Minnesota Vikings,Kyle Hinton,60,LG,705000
Minnesota Vikings,Kyle Hinton,60,LG,165600
Chicago Bears,Jason Spriggs,59,RT,990000
Cincinnati Bengals,Freedom Akinmoladun,59,DT,165600
New York Jets,Wyatt Ray,59,LOLB,695000
Carolina Panthers,Chris Reed,59,C,1127500
Baltimore Ravens,Will Holden,59,RT,920000
New Orleans Saints,Will Clapp,59,C,252000
Indianapolis Colts,Lafayette Pitts,59,CB,965000
Indianapolis Colts,Lafayette Pitts,59,CB,252000
San Francisco 49ers,Shon Coleman,59,LT,1035000
Chicago Bears,Rashaad Coward,59,RT,1140000
Chicago Bears,Rashaad Coward,59,RT,252000
Kansas Chiefs,Chad Henne,59,QB,1625000
Seattle Seahawks,Bryan Mone,59,DT,850000
Pittsburgh Steelers,Zach Banner,59,RT,4750000
Tennessee Titans,Kareem Orr,59,CB,952500
Tennessee Titans,Kareem Orr,59,CB,165600
Pittsburgh Steelers,Breon Borders,59,CB,1035000
St. Louis Cardinals,Jace Whittaker,59,CB,895000
St. Louis Cardinals,Jace Whittaker,59,CB,267999
Denver Broncos,Derrek Tuszka,59,LOLB,837500
Tampa Bay Buccaneers,Chapelle Russell,59,MLB,695000
Dallas Cowboys,Adam Redmond,59,LG,165600
Green Bay Packers,Jake Hanson,59,C,660000
Kansas Chiefs,Chris Lammons,59,CB,727500
St. Louis Cardinals,Max Garcia,59,RG,1127500
Philadelphia Eagles,Matt Pryor,59,LG,648196
Jacksonville Jaguars,Jake Luton,59,QB,895000
Green Bay Packers,Lucas Patrick,59,RG,1500000
Los Angeles Rams,Natrez Patrick,59,LOLB,850000
New Orleans Saints,Kaden Elliss,59,MLB,649151
Houston Texans,Peter Kalambayi,59,MLB,252000
Chicago Bears,Ryan Nall,59,HB,850000
Minnesota Vikings,Brandon Dillon,59,TE,882500
Minnesota Vikings,Brandon Dillon,59,TE,165600
Cleveland Browns,Willie Harvey,59,MLB,825000
Los Angeles Chargers,Cole Christiansen,59,MLB,895000
Los Angeles Chargers,Cole Christiansen,59,MLB,233866
Kansas Chiefs,Nick Allegretti,59,C,665363
New York Jets,B.J. Bello,59,MLB,990000
Houston Texans,Tyrell Adams,59,MLB,990000
Tennessee Titans,Matt Dickerson,59,DT,965000
Cleveland Browns,Robert Jackson,59,CB,965000
Cleveland Browns,Robert Jackson,59,CB,165600
Chicago Bears,Corey Levin,58,C,977500
Chicago Bears,Lachavious Simmons,58,RG,695000
Cleveland Browns,Montrel Meander,58,ROLB,850000
Philadelphia Eagles,Jordan Mailata,58,RT,16000000
Las Vegas Raiders,David Sharpe,58,RT,990000
Los Angeles Rams,Jamil Demby,58,LG,850000
Los Angeles Rams,Clay Johnston,58,MLB,825000
Tennessee Titans,David Quessenberry,58,LT,762500
Seattle Seahawks,Linden Stephens,58,CB,895000
Seattle Seahawks,Linden Stephens,58,CB,165600
St. Louis Cardinals,Dennis Gardeck,58,MLB,3384000
Detroit Lions,Beau Benzschawel,58,C,825000
Detroit Lions,Beau Benzschawel,58,C,165600
Los Angeles Rams,Travin Howard,58,MLB,780000
Minnesota Vikings,Blake Brandel,58,RG,742500
Houston Texans,Buddy Howell,58,HB,920000
Denver Broncos,Austin Fort,58,TE,787500
Denver Broncos,Austin Fort,58,TE,165600
Dallas Cowboys,Brandon Knight,58,RT,586667
New England Patriots,Jermaine Eluemunor,58,LG,990000
Dallas Cowboys,Saivion Smith,58,CB,895000
Dallas Cowboys,Saivion Smith,58,CB,165600
Chicago Bears,Arlington Hambright,58,LT,825000
Chicago Bears,Arlington Hambright,58,LT,165600
Jacksonville Jaguars,Mike Glennon,58,QB,1375000
Pittsburgh Steelers,Zach Gentry,58,TE,716115
New England Patriots,Justin Herron,58,LT,866867
Baltimore Ravens,Tyler Huntley,58,QB,780000
Houston Texans,Elijah Nkansah,58,RT,705000
Atlanta Falcons,Sean Harlow,57,RG,907500
Green Bay Packers,Tim Boyle,57,QB,2400000
Los Angeles Rams,Chandler Brewer,57,RG,895000
Los Angeles Rams,Chandler Brewer,57,RG,165600
Seattle Seahawks,Jordan Simmons,57,RG,850000
Los Angeles Chargers,Koda Martin,57,RG,705000
Los Angeles Chargers,Koda Martin,57,RG,165600
Kansas Chiefs,Greg Senat,57,LT,850000
New York Giants,T.J. Brunson,57,MLB,844238
Dallas Cowboys,Ben DiNucci,57,QB,882500
Dallas Cowboys,Ben DiNucci,57,QB,165600
Los Angeles Rams,Jeremiah Kolone,57,RG,787500
Los Angeles Rams,Jeremiah Kolone,57,RG,193067
Pittsburgh Steelers,Derwin Gray,57,LT,882500
Pittsburgh Steelers,Derwin Gray,57,LT,165600
Kansas Chiefs,Darryl Williams,57,C,165600
Los Angeles Rams,Christian Rozeboom,57,MLB,742500
New Orleans Saints,Cameron Tom,57,C,252000
San Francisco 49ers,Daniel Helm,57,TE,965000
San Francisco 49ers,Daniel Helm,57,TE,165600
Philadelphia Eagles,Alex Ellis,57,TE,965000
Philadelphia Eagles,Alex Ellis,57,TE,165600
Philadelphia Eagles,Nate Sudfeld,57,QB,257200
Los Angeles Rams,Kendall Blanton,57,TE,837500
Chicago Bears,Alex Bars,56,LG,850000
Indianapolis Colts,Le'Raven Clark,56,LT,1100000
Dallas Cowboys,Mitch Hyatt,56,LT,585000
New York Giants,Nick Gates,56,RG,3412500
San Francisco 49ers,Jake Brendel,56,C,990000
Denver Broncos,Austin Schlottmann,56,C,850000
Tampa Bay Buccaneers,Zack Bailey,56,LG,825000
Tampa Bay Buccaneers,Zack Bailey,56,LG,165600
St. Louis Cardinals,Joshua Miles,56,LT,648644
Kansas Chiefs,Yasir Durant,56,LT,765000
Seattle Seahawks,Geno Smith,56,QB,1212500
Detroit Lions,David Blough,56,QB,762500
Buffalo Bills,Ryan Bates,56,LT,586667
Los Angeles Rams,Cohl Cabral,56,C,787500
Los Angeles Rams,Cohl Cabral,56,C,165600
Seattle Seahawks,Jordan Roos,56,RG,952500
Seattle Seahawks,Jordan Roos,56,RG,165600
Chicago Bears,Josh Woods,56,MLB,1550000
Green Bay Packers,Yosuah Nijman,56,LT,850000
Carolina Panthers,Temarrick Hemingway,56,TE,252000
San Francisco 49ers,C.J. Beathard,56,QB,2500000
Houston Texans,Kyle Murphy,56,RT,695000
New England Patriots,Korey Cunningham,56,RT,920000
Baltimore Ravens,Trystan Colon-Castillo,56,C,780000
Miami Dolphins,Adam Pankey,55,LG,1035000
Miami Dolphins,Adam Pankey,55,LG,165600
Miami Dolphins,Malcolm Perry,55,WR,880000
New York Jets,Conor McDermott,55,LT,1350000
Seattle Seahawks,Anthony Gordon,55,QB,165600
Atlanta Falcons,Kurt Benkert,55,QB,705000
Atlanta Falcons,Kurt Benkert,55,QB,165600
Houston Texans,Rick Leonard,55,RT,682500
Tampa Bay Buccaneers,John Molchon,55,RG,787500
Tampa Bay Buccaneers,John Molchon,55,RG,165600
Los Angeles Chargers,Storm Norton,55,RT,695000
Kansas Chiefs,Ryan Hunter,55,RG,825000
Kansas Chiefs,Ryan Hunter,55,RG,165600
Las Vegas Raiders,Rico Gafford,55,WR,895000
Las Vegas Raiders,Rico Gafford,55,WR,165600
Los Angeles Rams,Ethan Wolf,55,TE,705000
Los Angeles Rams,Ethan Wolf,55,TE,193067
Cleveland Browns,Charley Hughlett,55,TE,1061667
Indianapolis Colts,Jake Eldrenkamp,55,LG,895000
Indianapolis Colts,Jake Eldrenkamp,55,LG,165600
Miami Dolphins,Keaton Sutherland,55,C,203622
New Orleans Saints,Ethan Greenidge,55,RT,587500
Washington Commanders,Jeremy Reaves,55,FS,907500
Denver Broncos,Brett Rypien,55,QB,850000
Pittsburgh Steelers,Christian DiLauro,55,RG,787500
Pittsburgh Steelers,Christian DiLauro,55,RG,165600
Denver Broncos,Calvin Anderson,55,LT,850000
Los Angeles Rams,John Wolford,55,QB,630000
Cincinnati Bengals,Fred Johnson,54,RG,590000
Baltimore Ravens,Trace McSorley,54,QB,907500
Kansas Chiefs,Jackson Barton,54,LT,850000
Detroit Lions,Dan Skipper,54,RT,895000
Detroit Lions,Dan Skipper,54,RT,165600
Tennessee Titans,Aaron Brewer,54,C,1037500
Tennessee Titans,Aaron Brewer,54,C,765000
St. Louis Cardinals,Aaron Brewer,32,TE,1037500
St. Louis Cardinals,Aaron Brewer,32,TE,765000
Los Angeles Chargers,Cole Toner,54,C,920000
New England Patriots,Brian Lewerke,54,QB,713500
New England Patriots,Brian Lewerke,54,QB,165600
Tennessee Titans,Daniel Munyer,54,C,965000
Tennessee Titans,Daniel Munyer,54,C,252000
Green Bay Packers,John Leglue,54,LT,742500
Minnesota Vikings,Sean Mannion,54,QB,990000
Dallas Cowboys,Clayton Thorson,54,QB,165600
Las Vegas Raiders,Andre James,53,C,4325000
Minnesota Vikings,Jake Browning,53,QB,705000
Minnesota Vikings,Jake Browning,53,QB,193067
Tampa Bay Buccaneers,Aaron Stinnie,53,C,1250000
New York Giants,Eric Smith,53,LT,895000
New York Giants,Eric Smith,53,LT,203622
St. Louis Cardinals,Brett Toth,53,RT,945000
Minnesota Vikings,Nate Stanley,53,QB,742500
San Francisco 49ers,Jaryd Jones-Smith,53,RT,895000
San Francisco 49ers,Jaryd Jones-Smith,53,RT,166799
Indianapolis Colts,Chaz Green,53,RT,1035000
Indianapolis Colts,Chaz Green,53,RT,375000
Buffalo Bills,Davis Webb,53,QB,945000
New York Jets,Ben Braden,52,LG,165600
New York Giants,Cooper Rush,52,QB,977500
Chicago Bears,Sam Mustipher,52,C,695000
Washington Commanders,Timon Parris,52,RT,825000
Washington Commanders,Timon Parris,52,RT,165600
Pittsburgh Steelers,J.C. Hassenauer,52,C,780000
Los Angeles Rams,Bryce Perkins,52,QB,742500
Philadelphia Eagles,Nate Herbig,51,C,589167
Houston Texans,David Steinmetz,51,LT,233866
Las Vegas Raiders,Nathan Peterman,51,QB,252000
Cleveland Browns,Evan Brown,51,C,920000
Buffalo Bills,Ike Boettger,51,LG,2133000
Cleveland Browns,Alex Taylor,51,RT,825000
Cleveland Browns,Alex Taylor,51,RT,165600
Seattle Seahawks,Kahlil McKenzie,51,RG,965000
Seattle Seahawks,Kahlil McKenzie,51,RG,165600
Los Angeles Rams,Coleman Shelton,50,C,850000
Atlanta Falcons,Danny Etling,48,QB,165600
Atlanta Falcons,Danny Etling,48,QB,0
Cleveland Browns,Garrett Gilbert,48,QB,920000
Tennessee Titans,Logan Woodside,47,QB,555000
Cincinnati Bengals,Clark Harris,44,TE,1212500
Atlanta Falcons,Josh Harris,43,TE,1075000
Baltimore Ravens,Nick Moore,36,TE,660000
Seattle Seahawks,Tyler Ott,36,TE,1110000
Buffalo Bills,Reid Ferguson,35,TE,1078750
Los Angeles Rams,Jake McQuaide,35,TE,1075000
Tennessee Titans,Beau Brinkley,35,TE,1120000
New York Giants,Casey Kreiter,33,TE,990000
New York Jets,Thomas Hennessy,31,TE,1100000
Kansas Chiefs,James Winchester,31,TE,890000
Chicago Bears,Patrick Scales,30,TE,1127500
Philadelphia Eagles,Rick Lovato,30,TE,1096667
Denver Broncos,Jacob Bobenmoyer,28,TE,600000
Baltimore Ravens,Morgan Cox,28,TE,1212500
Houston Texans,Jon Weeks,28,TE,1272500
Miami Dolphins,Blake Ferguson,27,TE,871363
New England Patriots,Joe Cardona,26,TE,1077500
New Orleans Saints,Zach Wood,26,TE,1195000
Jacksonville Jaguars,Matt Orzech,25,TE,907500
Indianapolis Colts,Luke Rhodes,24,TE,1212500
Las Vegas Raiders,Trent Sieg,24,TE,1140833
Tampa Bay Buccaneers,Zach Triner,23,TE,850000
