Position,Player,Overall,Team
QB,Sid Luckman,88,Bears
QB,Jim McMahon,85,Bears
RB,Walter Payton,99,Bears
RB,Gale Sayers,98,Bears
RB,Matt Forte,89,Bears
FB,Bronko Nagurski,99,Bears
WR,Brandon Marshall,90,Bears
WR,Alshon Jeffery,86,Bears
WR,Harlon Hill,86,Bears
WR,Willie Gault,84,Bears
WR,Devin Hester,83,Bears
TE,Mike Ditka,96,Bears
OL,Jay Helgenberg,90,Bears
OL,Stan Jones,90,Bears
OL,Joe Stydahar,89,Bears
OL,Kyle Long,83,Bears
OL,Ed Healy,83,Bears
DL,Richard Dent,97,Bears
DL,Dan Hampton,92,Bears
DL,Steve McMichael,88,Bears
DL,Akiem Hicks,87,Bears
LB,Dick Butkus,99,Bears
LB,Mike Singletary,99,Bears
LB,Brian Urlacher,96,Bears
LB,Lance Briggs,91,Bears
CB,Charles Tillman,92,Bears
CB,Kyle Fuller,86,Bears
CB,Bennie McRae,85,Bears
FS,Eddie Jackson,86,Bears
SS,Gary Fencik,90,Bears
K,??,??,Bears
P,??,??,Bears
QB,Ken Anderson,89,Bengals
QB,Boomer Esiason,87,Bengals
RB,Corey Dillon,92,Bengals
RB,James Brooks,88,Bengals
WR,Chad Johnson,92,Bengals
WR,A.J. Green,90,Bengals
WR,T.J. Houshmandzadeh,87,Bengals
WR,Cris Collinsworth,87,Bengals
TE,Tyler Eifert,88,Bengals
TE,Jermaine Gresham,??,Bengals
TE,C.J. Uzomah,??,Bengals
LT,Anthony Muñoz,99,Bengals
LT,Andrew Whitworth,93,Bengals
RT,Willie Anderson,90,Bengals
RG,Max Montoya,87,Bengals
C,Bob Johnson,83,Bengals
DL,Geno Atkins,92,Bengals
DL,Coy Bacon,87,Bengals
DL,Tim Krumrie,87,Bengals
DL,Carlos Dunlap,88,Bengals
LB,Jim LeClair,84,Bengals
LB,Reggie Williams,83,Bengals
LB,Vontaze Burfict,81,Bengals
CB,Ken Riley,92,Bengals
CB,Lemar Parrish,90,Bengals
CB,William Jackson,84,Bengals
CB,Leon Hall,84,Bengals
FS,Reggie Nelson,86,Bengals
SS,David Fulcher,89,Bengals
K,??,??,Bengals
P,??,??,Bengals
QB,Jim Kelly,91,Bills
RB,O.J. Simpson,97,Bills
RB,Thurman Thomas,94,Bills
RB,Willis McGahee,86,Bills
WR,Andre Reed,92,Bills
WR,Eric Moulds,87,Bills
WR,Lee Evans,86,Bills
WR,Elbert Dubenion,85,Bills
TE,Charles Clay,84,Bills
RG,Joe DeLamielleure,91,Bills
C,Kent Hull,90,Bills
LG,Ruben Brown,89,Bills
LT,Will Wolford,88,Bills
RT,Howard Ballard,87,Bills
RE,Bruce Smith,98,Bills
DT,Pat Williams,89,Bills
DT,Kyle Williams,89,Bills
LE,Jerry Hughes,83,Bills
ROLB,Takeo Spikes,89,Bills
LOLB,Cornelius Bennett,87,Bills
MLB,Sam Cowart,82,Bills
CB,Butch Byrd,92,Bills
CB,Nate Clements,87,Bills
CB,Tre'Davious White,85,Bills
FS,Micah Hyde,86,Bills
SS,Jordan Poyer,80,Bills
K,??,??,Bills
P,??,??,Bills
QB,John Elway,98,Broncos
RB,Terrell Davis,92,Broncos
RB,Floyd Little,90,Broncos
WR,Rod Smith,91,Broncos
WR,Demaryius Thomas,88,Broncos
WR,Ed McCaffrey,88,Broncos
WR,Emmanual Sanders,86,Broncos
TE,Shannon Sharpe,97,Broncos
TE,Noah Fant,??,Broncos
C,Tom Nalen,96,Broncos
LT,Ryan Clady,91,Broncos
LG,Mark Schlereth,86,Broncos
RG,Keith Bishop,85,Broncos
RT,Matt Lepsis,83,Broncos
DL,Elvis Dumervil,90,Broncos
DL,Simon Fletcher,89,Broncos
DL,Trevor Pryce,88,Broncos
DL,Rulon Jones,86,Broncos
LB,Von Miller,97,Broncos
LB,Tom Jackson,91,Broncos
LB,Karl Mecklenburg,89,Broncos
LB,Randy Gradishar,88,Broncos
CB,Champ Bailey,97,Broncos
CB,Chris Harris Jr.,91,Broncos
CB,Aqib Talib,90,Broncos
FS,Steve Atwater,96,Broncos
SS,Dennis Smith,90,Broncos
K,Matt Prater,86,Broncos
P,Tom Rouben,80,Broncos
QB,Otto Graham,90,Browns
RB,Jim Brown,99,Browns
RB,Marion Motley,98,Browns
WR,Paul Warfield,94,Browns
WR,Gary Collins,84,Browns
WR,Jarvis Landry,84,Browns
WR,Eric Metcalf,82,Browns
WR,Joshua Cribbs,??,Browns
TE,Ozzie Newsome,98,Browns
OL,Joe Thomas,99,Browns
OL,Joel Bitonio,87,Browns
OL,Frank Gatski,89,Browns
OL,Gene Hickerson,90,Browns
OL,Dick Schafrath,88,Browns
RE,Myles Garrett,89,Browns
LE,Len Ford,88,Browns
DT,Michael Dean Perry,88,Browns
DT,Bob Gain,86,Browns
ROLB,Clay Mathews Jr.,90,Browns
LOLB,Chip Banks,86,Browns
MLB,Joe Schobert,81,Browns
CB,Hanford Dixon,91,Browns
CB,Frank Minnifield,90,Browns
CB,Joe Haden,90,Browns
FS,Damarious Randall,86,Browns
SS,T.J. Ward,86,Browns
K,Phil Dawson,84,Browns
P,Britton Colquitt,79,Browns
QB,Doug Williams,83,Buccaneers
RB,Warrick Dunn,91,Buccaneers
RB,James Wilder,85,Buccaneers
FB,Mike Alstott,99,Buccaneers
WR,Mike Evans,91,Buccaneers
WR,Keyshawn Johnson,90,Buccaneers
WR,Chris Godwin,87,Buccaneers
WR,Vincent Jackson,87,Buccaneers
TE,Jimmie Giles,86,Buccaneers
OL,Paul Gruber,89,Buccaneers
OL,Ali Marpet,88,Buccaneers
OL,Donald Penn,87,Buccaneers
OL,Demar Dotson,88,Buccaneers
OL,Tony Mayberry,85,Buccaneers
OL,Davin Joseph,85,Buccaneers
DL,Simeon Rice,92,Buccaneers
DL,Lee Roy Selmon,94,Buccaneers
DT,Warren Sapp,96,Buccaneers
DL,Gerald McCoy,90,Buccaneers
LB,Derrick Brooks,99,Buccaneers
LB,Lavonte David,90,Buccaneers
LB,Hardy Nickerson,89,Buccaneers
LB,Shaquil Barrett,85,Buccaneers
CB,Ronde Barber,94,Buccaneers
CB,Donnie Abraham,85,Buccaneers
CB,Mike Washington,82,Buccaneers
FS,Cedric Brown,82,Buccaneers
SS,John Lynch,96,Buccaneers
K,Martin Gramatica,83,Buccaneers
P,Bradley Pinion,76,Buccaneers
QB,Carson Palmer,89,Cardinals
RB,Ottis Anderson,90,Cardinals
RB,David Johnson,87,Cardinals
FB,Ernie Nevers,95,Cardinals
WR,Larry Fitzgerald,97,Cardinals
WR,Anquan Boldin,91,Cardinals
WR,Roy Green,87,Cardinals
WR,John Brown,83,Cardinals
TE,Jackie Smith,90,Cardinals
LG,Conrad Dobler,86,Cardinals
RT,Dan Dierdorf,93,Cardinals
CB,Tom Banks,90,Cardinals
RG,Ken Gray,90,Cardinals
LT,Marcus Gilbert,81,Cardinals
LE,Calais Campbell,92,Cardinals
DT,Darnell Dockett,87,Cardinals
DL,Eric Swann,84,Cardinals
RE,Freddie Joe Nunn,82,Cardinals
ROLB,Chandler Jones,89,Cardinals
MLB,Karlos Dansby,84,Cardinals
MLB,Eric Hill,82,Cardinals
CB,Aeneas Williams,95,Cardinals
CB,Patrick Peterson,93,Cardinals
CB,Roger Wehrli,90,Cardinals
S,Tyrann Mathieu,91,Cardinals
FS,Larry Wilson,96,Cardinals
SS,Adrian Wilson,93,Cardinals
S,Pat Tillman,90,Cardinals
K,Jim Bakken,84,Cardinals
P,Rich Camarillo,82,Cardinals
QB,Phillip Rivers,94,Chargers
QB,Dan Fouts,91,Chargers
RB,LaDainian Tomlinson,97,Chargers
RB,Darren Sproles,89,Chargers
WR,Lance Alworth,94,Chargers
WR,Charlie Joiner,91,Chargers
WR,Keenan Allen,90,Chargers
WR,Wes Chandler,88,Chargers
WR,John Jefferson,87,Chargers
TE,Antonio Gates,98,Chargers
TE,Kellen Winslow Sr.,97,Chargers
OL,Ron Mix,95,Chargers
OL,Walt Sweeney,90,Chargers
OL,Doug Wilkerson,87,Chargers
OL,Nick Hardwick,85,Chargers
OL,Russell Okung,82,Chargers
RE,Leslie O'Neal,93,Chargers
LE,Fred Dean,92,Chargers
LE,Joey Bosa,88,Chargers
DL,Melvin Ingram III,88,Chargers
DT,Gary Johnson,86,Chargers
MLB,Junior Seau,97,Chargers
LOLB,Shawne Merriman,91,Chargers
ROLB,Woodrow Lowe,83,Chargers
CB,Casey Hayward Jr.,89,Chargers
CB,Antonio Cromartie,88,Chargers
CB,Desmond King II,87,Chargers
FS,Eric Weddle,91,Chargers
SS,Rodney Harrison,95,Chargers
SS,Derwin James,88,Chargers
K,Johhn Carney,86,Chargers
P,Darren Bennett,85,Chargers
QB,Patrick Mahomes,97,Chiefs
QB,Len Dawson,90,Chiefs
RB,Priest Holmes,92,Chiefs
RB,Jamaal Charles,90,Chiefs
RB,Larry Johnson,89,Chiefs
FB,Tony Richardson,97,Chiefs
WR,Tyreek Hill,94,Chiefs
WR,Otis Taylor,87,Chiefs
WR,Eddie Kennison,86,Chiefs
TE,Tony Gonzalez,99,Chiefs
TE,Travis Kelce,96,Chiefs
OL,Will Shields,98,Chiefs
OL,Mitchell Schwartz,93,Chiefs
OL,Jim Tyrer,91,Chiefs
OL,Ed Budde,89,Chiefs
OL,EJ Holub,89,Chiefs
DT,Buck Buchanan,94,Chiefs
RE,Jared Allen,93,Chiefs
DT,Chris Jones,90,Chiefs
LE,Neil Smith,89,Chiefs
LB,Justin Houston,89,Chiefs
LB,Willie Lanier,98,Chiefs
LB,Derrick Thomas,98,Chiefs
LB,Bobby Bell,98,Chiefs
LB,Derrick Johnson,88,Chiefs
CB,Emmitt Thomas,93,Chiefs
CB,Kendall Fuller,87,Chiefs
CB,Albert Lewis,86,Chiefs
CB,Kevin Ross,85,Chiefs
FS,Johnny Robinson,94,Chiefs
FS,Deron Cherry,90,Chiefs
SS,Eric Berry,93,Chiefs
K,Jan Stenerud,88,Chiefs
P,Dustin Colquitt,81,Chiefs
QB,Peyton Manning,99,Colts
QB,Johnny Unitas,98,Colts
QB,Andrew Luck,92,Colts
RB,Edgerrin James,93,Colts
RB,Lenny Moore,93,Colts
WR,Marvin Harrison,96,Colts
WR,Reggie Wayne,92,Colts
WR,Raymond Berry,91,Colts
WR,T.Y. Hilton,91,Colts
TE,John Mackey,97,Colts
TE,Dallas Clark,95,Colts
LT,Jim Parker,98,Colts
C,Jeff Saturday,97,Colts
LG,Quenton Nelson,94,Colts
LT,Tarik Glenn,86,Colts
RT,Chris Hinton,89,Colts
DL,Gino Marchetti,96,Colts
DL,Dwight Freeney,93,Colts
DL,Robert Mathis,92,Colts
DL,Art Donovan,89,Colts
LB,Darius Leonard,85,Colts
LB,Duane Bickett,85,Colts
LB,Jeff Herrod,82,Colts
CB,Bobby Boyd,88,Colts
CB,Vontae Davis,85,Colts
CB,Eugene Daniel,83,Colts
SS,Bob Sanders,95,Colts
FS,Rick Volk,87,Colts
K,Adam Vinatieri,97,Colts
P,Pat McAfee,87,Colts
QB,Troy Aikman,96,Cowboys
QB,Roger Staubach,95,Cowboys
RB,Emmitt Smith,97,Cowboys
RB,Tony Dorsett,96,Cowboys
RB,Ezekiel Elliott,94,Cowboys
RB,Herschel Walker,91,Cowboys
WR,Michael Irvin,94,Cowboys
WR,Dez Bryant,92,Cowboys
WR,Bob Hayes,91,Cowboys
WR,Drew Pearson,89,Cowboys
WR,Amari Cooper,88,Cowboys
TE,Jason Witten,95,Cowboys
OL,Larry Allen,98,Cowboys
OL,Zack Martin,96,Cowboys
OL,Tyron Smith,94,Cowboys
OL,Travis Frederick,94,Cowboys
OL,Rayfield Wright,91,Cowboys
DL,Bob Lilly,99,Cowboys
DL,Randy White,97,Cowboys
DL,Too Tall Jones,93,Cowboys
DL,DeMarcus Lawrence,89,Cowboys
DL,Harvey Martin,89,Cowboys
LB,DeMarcus Ware,96,Cowboys
LB,Lee Roy Jordan,90,Cowboys
LB,Sean Lee,87,Cowboys
LB,Jaylon Smith,85,Cowboys
CB,Mel Renfro,94,Cowboys
CB,Everson Walls,91,Cowboys
CB,Byron Jones,87,Cowboys
FS,Cliff Harris,91,Cowboys
SS,Darren Woodson,94,Cowboys
K,Dan Bailey,86,Cowboys
P,Chris Jones,84,Cowboys
QB,Dan Marino,98,Dolphins
QB,Bob Griese,89,Dolphins
RB,Ricky Williams,91,Dolphins
RB,Mercury Morris,84,Dolphins
FB,Larry Csonka,99,Dolphins
WR,Mark Clayton,89,Dolphins
WR,Mark Duper,88,Dolphins
WR,Nat Moore,86,Dolphins
WR,Chris Chambers,85,Dolphins
TE,Jim Mandich,84,Dolphins
RG,Larry Little,97,Dolphins
C,Dwight Stephenson,95,Dolphins
LT,Richmond Webb,90,Dolphins
LT,Jake Long,88,Dolphins
C,Mike Pouncey,84,Dolphins
DL,Jason Taylor,94,Dolphins
DL,Cameron Wake,88,Dolphins
DL,Bob Baumhower,86,Dolphins
DL,Olivier Vernon,82,Dolphins
LB,Zach Thomas,94,Dolphins
LB,Bryan Cox,85,Dolphins
LB,AJ Duhe,83,Dolphins
CB,Patrick Surtain,90,Dolphins
CB,Sam Madison,90,Dolphins
CB,Xavien Howard,83,Dolphins
FS,Jake Scott,90,Dolphins
FS,Reshad Jones,88,Dolphins
K,Olindo Mare,88,Dolphins
P,Reggie Roby,89,Dolphins
QB,Donavan McNabb,91,Eagles
QB,Randall Cunningham,91,Eagles
QB,Carson Wentz,82,Eagles
RB,Brian Westbrook,94,Eagles
RB,Steve Van Buren,91,Eagles
RB,LeSean McCoy,90,Eagles
WR,DeSean Jackson,89,Eagles
WR,Tommy McDonald,89,Eagles
WR,Harold Carmichael,88,Eagles
WR,Jeremy Maclin,85,Eagles
TE,Zach Ertz,93,Eagles
OL,Jason Kelce,94,Eagles
OL,Jason Peters,90,Eagles
OL,Brandon Brooks,90,Eagles
OL,Shawn Andrews,87,Eagles
OL,Lane Johnson,89,Eagles
DL,Reggie White,99,Eagles
DL,Fletcher Cox,96,Eagles
DL,Brandon Graham,89,Eagles
DL,Trent Cole,86,Eagles
LB,Chuck Bednarik,98,Eagles
LB,Jeremiah Trotter,89,Eagles
LB,Seth Joyner,86,Eagles
CB,Troy Vincent,90,Eagles
CB,Eric Allen,90,Eagles
CB,Lito Sheppard,86,Eagles
S,Brian Dawkins,98,Eagles
S,Malcolm Jenkins,92,Eagles
K,David Akers,88,Eagles
P,Donnie Jones,78,Eagles
QB,Michael Vick,92,Falcons
QB,Matt Ryan,89,Falcons
RB,Michael Turner,89,Falcons
RB,Gerald Riggs,87,Falcons
RB,Devonta Freeman,86,Falcons
WR,Julio Jones,98,Falcons
WR,Roddy White,89,Falcons
WR,Andre Rison,89,Falcons
WR,Mohamed Sanu Sr.,82,Falcons
TE,Alge Crumpler,89,Falcons
TE,Austin Hooper,88,Falcons
LT,Mike Kenn,90,Falcons
C,Alex Mack,89,Falcons
RG,Bill Fralic,89,Falcons
C,Jeff Van Note,87,Falcons
LT,Jake Matthews,??,Falcons
RE,John Abraham,92,Falcons
LE,Claude Humphrey,93,Falcons
DT,Grady Jarrett,87,Falcons
DT,Jonathan Babineaux,84,Falcons
MLB,Jessie Tuggle,91,Falcons
MLB,Deion Jones,90,Falcons
LB,Tommy Nobis,89,Falcons
ROLB,Keith Brooking,87,Falcons
CB,Deion Sanders,99,Falcons
CB,Desmond Trufant,88,Falcons
CB,Ray Buchanan,91,Falcons
FS,Scott Case,84,Falcons
S,Ricardo Allen,81,Falcons
SS,Keanu Neal,88,Falcons
K,Matt Bryant,87,Falcons
P,Matt Bosher,78,Falcons
QB,Joe Montana,99,49ers
QB,Steve Young,97,49ers
RB,Roger Craig,91,49ers
RB,Frank Gore,90,49ers
RB,Ricky Watters,90,49ers
FB,Kyle Juszczyk,85,49ers
WR,Jerry Rice,99,49ers
WR,Terrell Owens,97,49ers
WR,Dwight Clark,87,49ers
WR,John Taylor,85,49ers
WR,Billy Wilson,85,49ers
TE,George Kittle,96,49ers
TE,Vernon Davis,93,49ers
LT,Joe Staley,90,49ers
C,Forrest Blue,90,49ers
RT,Bob St Clair,89,49ers
LG,Guy McIntyre,88,49ers
RG,Randy Cross,86,49ers
DL,Charles Haley,93,49ers
DL,Leo Nomellini,92,49ers
DL,Nick Bosa,89,49ers
DL,Bryant Young,87,49ers
MLB,Patrick Willis,97,49ers
LB,NaVorro Bowman,91,49ers
LB,Dave Wilcox,90,49ers
LB,Ken Norton Jr.,86,49ers
CB,Jimmy Johnson,93,49ers
CB,Eric Wright,85,49ers
CB,Eric Davis,85,49ers
S,Ronnie Lott,99,49ers
S,Merton Hanks,88,49ers
K,Ray Werschhing,84,49ers
P,Andy Lee,84,49ers
QB,Eli Manning,88,Giants
QB,Phil Simms,87,Giants
RB,Tiki Barber,92,Giants
RB,Saquon Barkley,91,Giants
RB,Brandon Jacobs,??,Giants
WR,Odell Beckham Jr.,96,Giants
WR,Plaxico Burress,87,Giants
WR,Amani Toomer,87,Giants
WR,Frank Gifford,87,Giants
TE,Jeremy Shockey,93,Giants
C,Mel Hein,96,Giants
LT,Rosey Brown,92,Giants
RG,Kevin Zeitler,89,Giants
LG,William Roberts,86,Giants
LT,Jumbo Ellitott,84,Giants
LE,Michael Strahan,94,Giants
RE,Osi Umenyiora,87,Giants
RE,Justin Tuck,86,Giants
ROLB,Lawrence Taylor,99,Giants
MLB,Harry Carson,94,Giants
MLB,Sam Huff,94,Giants
LOLB,Carl Banks,84,Giants
CB,Mark Haynes,87,Giants
CB,Spider Lockhart,85,Giants
CB,Janoris Jenkins,85,Giants
CB,Dominique Rodgers-Cromartie,??,Giants
SS,Landon Collins,86,Giants
FS,Emlen Tunnell,97,Giants
FS,Antrel Rolle,86,Giants
K,Aldrick Rosas,84,Giants
P,Sean Landeta,84,Giants
QB,Mark Brunell,84,Jaguars
RB,Fred Taylor,91,Jaguars
RB,Maurice Jones-Drew,89,Jaguars
RB,Leonard Fournette,83,Jaguars
WR,Jimmy Smith,93,Jaguars
WR,Keenan McCardell,89,Jaguars
WR,Allen Robinson,86,Jaguars
WR,Marqise Lee,80,Jaguars
TE,Marcedes Lewis,83,Jaguars
OL,Tony Boselli,97,Jaguars
OL,Brandon Linder,86,Jaguars
OL,Brad Meester,83,Jaguars
OL,Maurice Williams,80,Jaguars
DT,John Henderson,90,Jaguars
DT,Marcus Stroud,86,Jaguars
RE,Yannick Ngakoue,84,Jaguars
LE,Josh Allen,80,Jaguars
ROLB,Telvin Smith,88,Jaguars
MLB,Myles Jack,83,Jaguars
MLB,Paul Posluszny,83,Jaguars
CB,Jalen Ramsey,96,Jaguars
CB,Rashean Mathis,89,Jaguars
CB,A.J. Bouye,88,Jaguars
SS,Donovin Darius,82,Jaguars
SS,Tashaun Gipson Sr.,82,Jaguars
K,Josh Lambo,84,Jaguars
P,Bryan Barker,85,Jaguars
QB,Joe Namath,89,Jets
RB,Curtis Martin,94,Jets
RB,Freeman McNeil,85,Jets
WR,Don Maynard,91,Jets
WR,Laveranues Coles,87,Jets
WR,Al Toon,85,Jets
WR,Wayne Chrebet,84,Jets
TE,Rich Caster,84,Jets
OL,Kevin Mawae,99,Jets
OL,Nick Mangold,96,Jets
OL,Winston Hill,90,Jets
OL,Randy Rasmussen,85,Jets
OL,D'Brickashaw Ferguson,84,Jets
OL,Brian Winters,82,Jets
DL,Damon Harrison Sr.,95,Jets
LE,Mark Gastineau,93,Jets
DT,Joe Klecko,94,Jets
RE,Shaun Ellis,85,Jets
DL,Sheldon Richardson,85,Jets
DL,Leonard Williams,84,Jets
LOLB,Larry Grantham,88,Jets
MLB,David Harris,85,Jets
MLB,Avery Williamson,??,Jets
ROLB,Mo Lewis,84,Jets
CB,Darrelle Revis,94,Jets
CB,Aaron Glenn,85,Jets
CB,Bobby Jackson,85,Jets
SS,Victor Green,86,Jets
SS,Jamal Adams,90,Jets
K,Pat Leahy,81,Jets
P,Curley Johnson,83,Jets
QB,Matthew Stafford,87,Lions
RB,Barry Sanders,99,Lions
RB,Billy Sims,91,Lions
WR,Calvin Johnson,96,Lions
WR,Herman Moore,90,Lions
WR,Golden Tate III,87,Lions
WR,Marvin Jones Jr.,86,Lions
TE,Charlie Sanders,93,Lions
TE,Eric Ebron,??,Lions
TE,T.J. Hockenson,??,Lions
LT,Lomas Brown,90,Lions
LT,Lou Creekmur,90,Lions
C,Kevin Glover,86,Lions
C,Ed Flanagan,85,Lions
RT,Rocky Freitas,82,Lions
DT,Ndamukong Suh,95,Lions
RE,Trey Flowers,87,Lions
DT,Alex Karras,87,Lions
LE,Ezekiel Ansah,84,Lions
MLB,Joe Schmidt,95,Lions
MLB,Chris Spielman,92,Lions
ROLB,Wayne Walker,87,Lions
CB,Night Train Lane,98,Lions
CB,Lem Barney,94,Lions
CB,Dick LeBeau,90,Lions
CB,Dré Bly,89,Lions
CB,Darius Slay Jr.,89,Lions
FS,Jack Christiansen,92,Lions
FS,Yale Lary,91,Lions
K,Jason Hanson,90,Lions
P,Sam Martin,75,Lions
QB,Brett Favre,97,Packers
QB,Aaron Rodgers,97,Packers
QB,Bart Starr,92,Packers
RB,Ahman Green,91,Packers
RB,Paul Hornung,87,Packers
RB,Aaron Jones,82,Packers
FB,Jim Taylor,94,Packers
WR,Don Hutson,95,Packers
WR,James Lofton,94,Packers
WR,Sterling Sharpe,92,Packers
WR,Davante Adams,92,Packers
WR,Donald Driver,87,Packers
TE,Paul Coffman,85,Packers
TE,Jermichael Finley,??,Packers
TE,Jace Sternberger,??,Packers
RT,Forrest Gregg,98,Packers
LT,David Bakhtiari,97,Packers
RG,Jerry Kramer,96,Packers
C,Jim Ringo,94,Packers
LG,Fuzzy Thurston,89,Packers
LE,Willie Davis,93,Packers
DT,Henry Jordan,93,Packers
DL,Kenny Clark,90,Packers
RE,Kabeer Gbaja-Biamila,88,Packers
DL,Mike Daniels,87,Packers
MLB,Ray Nitschke,98,Packers
MLB,Blake Martinez,??,Packers
ROLB,Clay Mathews,92,Packers
ROLB,Preston Smith,??,Packers
LOLB,Dave Robinson,90,Packers
LOLB,Za'Darius Smith,88,Packers
CB,Herb Adderley,96,Packers
CB,Jaire Alexander,89,Packers
CB,Al Harris,85,Packers
CB,Tramon Williams,??,Packers
FS,Darren Sharper,94,Packers
FS,Willie Wood,91,Packers
SS,LeRoy Butler,94,Packers
K,Mason Crosby,84,Packers
P,JK Scott,78,Packers
QB,Cam Newton,89,Panthers
RB,Christian McCaffrey,91,Panthers
RB,DeAngelo Williams,89,Panthers
RB,Jonathan Stewart,86,Panthers
WR,Steve Smith,94,Panthers
WR,Muhsin Muhhammad,87,Panthers
WR,D.J. Moore,85,Panthers
WR,Kelvin Benjamin,81,Panthers
TE,Greg Olsen,92,Panthers
LT,Jordan Gross,88,Panthers
C,Matt Paradis,88,Panthers
C,Ryan Kalil,88,Panthers
LG,Andrew Norwell,85,Panthers
RG,Trai Turner,83,Panthers
DL,Julius Peppers,94,Panthers
DL,Kris Jenkins,88,Panthers
DL,Kawann Short,87,Panthers
DL,Mike Rucker,85,Panthers
MLB,Luke Kuechly,98,Panthers
LB,Jon Beason,86,Panthers
LB,Thomas Davis Sr.,85,Panthers
CB,Josh Norman,89,Panthers
CB,Chris Gamble,84,Panthers
CB,Captain Munnerlyn,78,Panthers
S,Kurt Coleman,80,Panthers
S,Mike Minter,85,Panthers
K,Graham Gano,85,Panthers
P,Michael Palardy,80,Panthers
QB,Tom Brady,99,Patriots
RB,Kevin Faulk,87,Patriots
RB,Sam Cunningham,85,Patriots
RB,James White,84,Patriots
WR,Wes Welker,91,Patriots
WR,Irving Fryar,90,Patriots
WR,Stanley Morgan,90,Patriots
WR,Julian Edelman,89,Patriots
TE,Rob Gronkowski,99,Patriots
TE,Ben Coates,85,Patriots
LG,John Hannah,99,Patriots
LG,Logan Mankins,92,Patriots
LT,Matt Light,91,Patriots
C,Jon Morris,89,Patriots
RG,Shaq Mason,88,Patriots
RE,Richard Seymour,90,Patriots
DT,Vince Wilfork,90,Patriots
DL,Houston Antwine,87,Patriots
LE,Willie McGinest,86,Patriots
ROLB,Andre Tippett,95,Patriots
MLB,Nick Buoniconti,??,Patriots
MLB,Tedy Bruschi,88,Patriots
MLB,Dont'a Hightower,86,Patriots
LOLB,Mike Vrabel,85,Patriots
CB,Mike Haynes,96,Patriots
CB,Ty Law,94,Patriots
CB,Stephon Gilmore,94,Patriots
CB,Asante Samuel,92,Patriots
FS,Devin McCourty,89,Patriots
SS,Lawyer Milloy,89,Patriots
K,Stephen Gostkowski,90,Patriots
P,Chris Hanson,76,Patriots
QB,Ken Stabler,88,Raiders
QB,Rich Gannon,88,Raiders
RB,Marcus Allen,93,Raiders
RB,Bo Jackson,93,Raiders
FB,Mark van Eeghhen,86,Raiders
WR,Tim Brown,96,Raiders
WR,Cliff Branch,90,Raiders
WR,Fred Bilentnikoff,89,Raiders
WR,Art Powell,87,Raiders
TE,Dave Casper,96,Raiders
LG,Gene Upshaw,99,Raiders
LT,Art Shell,98,Raiders
C,Jim Otto,98,Raiders
LG,Steve Wisniewski,93,Raiders
C,Rodney Hudson,93,Raiders
DL,Khalil Mack,98,Raiders
DL,Howie Long,94,Raiders
DL,Chester McGlockton,88,Raiders
DL,Ben Davidson,87,Raiders
LB,Ted Hendricks,96,Raiders
LB,Rod Martin,87,Raiders
LB,Matt Millen,85,Raiders
CB,Charles Woodson,97,Raiders
CB,Willie Brown,96,Raiders
CB,Lester Hayes,93,Raiders
CB,Nnamdi Asomugha,90,Raiders
FS,Jack Tatum,94,Raiders
S,George Atkinson,87,Raiders
K,Sebastian Janikowski,85,Raiders
P,Shane Lechler,93,Raiders
QB,Kurt Warner,95,Rams
QB,Norm Van Brocklin,90,Rams
RB,Eric Dickerson,98,Rams
RB,Marshall Faulk,97,Rams
RB,Todd Gurley,92,Rams
RB,Steven Jackson,91,Rams
WR,Issac Bruce,95,Rams
WR,Torry Holt,94,Rams
WR,Henry Ellard,91,Rams
WR,Elroy Crazy Legs Hirsch,90,Rams
TE,Tom Fears,90,Rams
LT,Orlando Pace,98,Rams
RT,Jackie Slater,95,Rams
LG,Tom Mack,93,Rams
C,Rich Saul,88,Rams
RG,Dennis Harrah,88,Rams
LE,Deacon Jones,99,Rams
DT,Merlin Olsen,99,Rams
DL,Aaron Donald,98,Rams
RE,Jack Youngblood,94,Rams
DL,Robert Quinn,86,Rams
LOLB,Kevin Greene,96,Rams
MLB,James Laurinaitis,84,Rams
MLB,Cory Littleton,??,Rams
ROLB,Roman Phifer,84,Rams
CB,LeRoy Irvin,87,Rams
CB,Jerry Gray,86,Rams
CB,Todd Lyghht,84,Rams
FS,Eddie Meador,89,Rams
SS,Nolan Cromwell,90,Rams
K,Greg Zuerlein,84,Rams
P,Johnny Hekker,86,Rams
QB,Lamar Jackson,91,Ravens
QB,Joe Flacco,83,Ravens
RB,Jamal Lewis,91,Ravens
RB,Ray Rice,89,Ravens
WR,Qadry Ismail,83,Ravens
WR,Torrey Smith,83,Ravens
WR,Marquise Brown,80,Ravens
TE,Todd Heap,88,Ravens
TE,Mark Andrews,84,Ravens
LT,Jonathan Ogden,99,Ravens
LT,Ronnie Stanley,93,Ravens
LG,Edwin Mulitalo,83,Ravens
C,Mike Flynn,82,Ravens
RG,Marshal Yanda,92,Ravens
DL,Brandon Williams,86,Ravens
DL,Michael Pierce,91,Ravens
DL,Haloti Ngata,91,Ravens
MLB,Ray Lewis,99,Ravens
LB,Terrell Suggs,93,Ravens
LB,C.J. Mosley,87,Ravens
LB,Peter Boulware,86,Ravens
CB,Chris Mcalister,90,Ravens
CB,Marlon Humphrey,88,Ravens
CB,Duane Starks,86,Ravens
CB,Jimmy Smith,84,Ravens
S,Ed Reed,99,Ravens
S,Tony Jefferson II,84,Ravens
K,Justin Tucker,99,Ravens
P,Sam Koch,85,Ravens
QB,Sammy Baugh,90,Washington Redskins
QB,Robert Griffin III,82,Washington Redskins
RB,John Riggins,92,Washington Redskins
RB,Clinton Portis,91,Washington Redskins
RB,Stephen Davis,84,Washington Redskins
WR,Art Monk,92,Washington Redskins
WR,Charley Taylor,90,Washington Redskins
WR,Gary Clark,90,Washington Redskins
WR,Santana Moss,88,Washington Redskins
TE,Chris Cooley,89,Washington Redskins
LT,Trent Williams,95,Washington Redskins
LG,Russ Grimm,94,Washington Redskins
RT,Joe Jacoby,92,Washington Redskins
LT,Chris Samuels,90,Washington Redskins
RG,Brandon Scherff,88,Washington Redskins
LE,Charles Mann,87,Washington Redskins
RE,Dexter Manley,87,Washington Redskins
DT,Dave Butz,87,Washington Redskins
DL,Da'Ron Payne,83,Washington Redskins
MLB,London Fletcher,93,Washington Redskins
ROLB,Chris Hanburger,91,Washington Redskins
ROLB,LaVar Arrington,87,Washington Redskins
LOLB,Ryan Kerrigan,87,Washington Redskins
CB,Darrell Green,98,Washington Redskins
CB,DeAngelo Hall,90,Washington Redskins
CB,Pat Fischer,88,Washington Redskins
FS,Sean Taylor,96,Washington Redskins
SS,Ken Houston,98,Washington Redskins
K,Mark Moseley,87,Washington Redskins
P,Tress Way,81,Washington Redskins
QB,Drew Brees,99,Saints
RB,Alvin Kamara,90,Saints
RB,Deuce McAllister,89,Saints
RB,Reggie Bush,88,Saints
WR,Michael Thomas,95,Saints
WR,Joe Horn,89,Saints
WR,Marques Colston,88,Saints
WR,Brandin Cooks,87,Saints
TE,Jimmy Graham,96,Saints
TE,Jared Cook,87,Saints
OL,Willie Roaf,97,Saints
OL,Jahri Evans,96,Saints
OL,Terron Armstead,92,Saints
OL,Jonathan Goodwin,85,Saints
OL,Ryan Ramczyk,91,Saints
DL,Cameron Jordan,91,Saints
DL,La'Roi Glover,90,Saints
DL,Will Smith,85,Saints
DL,Sheldon Rankins,83,Saints
LB,Pat Swilling,94,Saints
LB,Rickey Jackson,95,Saints
LB,Sam Mills,90,Saints
LB,Demario Davis,87,Saints
CB,Marshon Lattimore,87,Saints
CB,Dave Wayymer,85,Saints
CB,Tracy Porter,82,Saints
S,Marcus Williams,85,Saints
S,Roman Harper,85,Saints
K,Morten Anderson,95,Saints
P,Thomas Morstead,87,Saints
QB,Russell Wilson,94,Seahawks
QB,Matt Hasselbeck,85,Seahawks
RB,Marshawn Lynch,92,Seahawks
RB,Shaun Alexander,92,Seahawks
FB,Mack Strong,96,Seahawks
WR,Steve Largent,93,Seahawks
WR,Joey Galloway,90,Seahawks
WR,Doug Baldwin,87,Seahawks
WR,Tyler Lockett,87,Seahawks
TE,Will Dissly,82,Seahawks
OL,Walter Jones,98,Seahawks
OL,Steve Hutchinson,97,Seahawks
OL,Robbie Tobeck,85,Seahawks
OL,Bryan Millard,84,Seahawks
OL,Chris Gray,83,Seahawks
RE,Jacob Green,91,Seahawks
DT,Cortez Kennedy,95,Seahawks
LE,Michael Bennett,89,Seahawks
DT,Joe Nash,86,Seahawks
MLB,Bobby Wagner,98,Seahawks
ROLB,Lofa Tatupu,86,Seahawks
LOLB,Chad Brown,85,Seahawks
LB,K.J. Wright,83,Seahawks
CB,Richard Sherman,95,Seahawks
CB,Marcus Trufant,89,Seahawks
CB,Shawn Springs,87,Seahawks
S,Kenny Easley,97,Seahawks
FS,Earl Thomas III,95,Seahawks
SS,Kam Chancellor,95,Seahawks
K,Stephen Hauschka,86,Seahawks
P,Michael Dickson,83,Seahawks
QB,Ben Roethlisberger,92,Steelers
QB,Terry Bradshaw,92,Steelers
RB,Jerome Bettis,95,Steelers
RB,Franco Harris,92,Steelers
WR,Antonio Brown,95,Steelers
WR,Hines Ward,92,Steelers
WR,John Stallworth,91,Steelers
WR,Lynn Swann,89,Steelers
TE,Heath Miller,86,Steelers
LG,Alan Faneca,97,Steelers
C,Mike Webster,99,Steelers
C,Dermontti Dawson,97,Steelers
RG,David DeCastro,93,Steelers
OL,Alejandro Villanueva,85,Steelers
RT,Tunch Ilkin,85,Steelers
RE,L.C. Greenwood,90,Steelers
DT,Joe Greene,99,Steelers
DT,Casey Hampton,86,Steelers
LE,Aaron Smith,85,Steelers
MLB,Jack Lambert,99,Steelers
ROLB,Jack Ham,99,Steelers
LOLB,James Harrison,95,Steelers
LOLB,Joey Porter,94,Steelers
MLB,James Farrior,89,Steelers
CB,Rod Woodson,99,Steelers
CB,Mel Blount,97,Steelers
CB,Ike Taylor,86,Steelers
SS,Troy Polamalu,95,Steelers
SS,Donnie Shell,95,Steelers
K,Gary Anderson,94,Steelers
P,Bobby Walden,91,Steelers
QB,Deshaun Watson,86,Texans
RB,Arian Foster,89,Texans
RB,Domanick Williams,85,Texans
WR,DeAndre Hopkins,95,Texans
WR,Andre Johnson,93,Texans
WR,Kenny Stills,82,Texans
WR,Will Fuller V,82,Texans
TE,Owen Daniels,86,Texans
LT,Duane Brown,87,Texans
LT,Laremy Tunsil,87,Texans
LG,Chester Pitts,81,Texans
C,Chris Myers,84,Texans
RG,Zach Fulton,76,Texans
RT,Tytus Howard,67,Texans
LE,J.J. Watt,97,Texans
RE,Mario Williams,90,Texans
DT,D.J. Reader,80,Texans
ROLB,Jadeveon Clowney,92,Texans
MLB,DeMeco Ryans,86,Texans
MLB,Brian Cushing,85,Texans
LOLB,Whitney Mercilus,83,Texans
CB,Johnathan Joseph,86,Texans
CB,Kareem Jackson,85,Texans
CB,Bradley Roby,78,Texans
FS,Justin Reed,84,Texans
SS,D.J. Swearinger,80,Texans
K,Ka'imi Fairbairn,74,Texans
P,Trevor Daniel,64,Texans
QB,Warren Moon,91,Titans
QB,Steve McNair,90,Titans
RB,Earl Campbell,97,Titans
RB,Chris Johnson,91,Titans
RB,Eddie George,91,Titans
RB,Derrick Henry,90,Titans
WR,Charley Hennigan,90,Titans
WR,Derrick Mason,89,Titans
WR,Drew Hill,87,Titans
WR,Ernest Givins,85,Titans
TE,Delanie Walker,92,Titans
TE,Frank Wycheck,86,Titans
RG,Bruce Matthews,99,Titans
LG,Mike Munchak,95,Titans
LT,Leon Gray,89,Titans
LT,Taylor Lewan,85,Titans
RT,Brad Hopkins,84,Titans
LE,Jevon Kearse,90,Titans
DT,Curley Culp,90,Titans
RE,Jurrell Casey,89,Titans
DL,Ray Childress,87,Titans
ROLB,Robert Brazile,94,Titans
ROLB,Keith Bulluck,90,Titans
MLB,Al Smith,86,Titans
MLB,Rashaan Evans,??,Titans
CB,Samari Rolle,89,Titans
CB,Cris Dishman,87,Titans
CB,Logan Ryan,85,Titans
FS,Kevin Byard,91,Titans
SS,Michael Griffin,89,Titans
K,Ryan Succop,74,Titans
P,Brett Kern,77,Titans
QB,Fran Tarkenton,96,Vikings
QB,Daunte Culpepper,89,Vikings
RB,Adrian Peterson,95,Vikings
RB,Chuck Foreman,90,Vikings
WR,Randy Moss,99,Vikings
WR,Cris Carter,94,Vikings
WR,Adam Thielen,90,Vikings
WR,Stefon Diggs,90,Vikings
TE,Kyle Rudolph,87,Vikings
TE,Irv Smith Jr.,??,Vikings
LG,Randall McDaniel,99,Vikings
RT,Ron Yary,95,Vikings
LT,Gary Zimmerman,90,Vikings
C,Mick Tingelhoff,90,Vikings
RG,Ed White,86,Vikings
DL,Alan Page,97,Vikings
DL,John Randle,95,Vikings
DL,Carl Eller,95,Vikings
DL,Chris Doleman,94,Vikings
DL,Kevin Williams,92,Vikings
DL,Danielle Hunter,89,Vikings
DL,Everson Griffen,88,Vikings
LB,Eric Kendricks,86,Vikings
LB,Chad Greenway,86,Vikings
LB,Scott Studwell,84,Vikings
CB,Antoine Winfield,90,Vikings
CB,Xavier Rhodes,89,Vikings
CB,Bobby Bryant,87,Vikings
FS,Paul Krause,97,Vikings
SS,Harrison Smith,94,Vikings
K,Dan Bailey,73,Vikings
P,Matt Wile,73,Vikings
